,ECOPETROL.CL,GEB.CL,PFCIBEST.CL,CIBEST.CL,GOOGL,AAPL,BVC.CL,NKE,IVV
2021-01-04 00:00:00-05:00,1157.8955078125,1699.219482421875,21898.806640625,22459.76953125,292770.05469322205,430461.49866867065,7506.62255859375,443281.74758148193,1179055.3048782349
2021-01-05 00:00:00-05:00,1183.718505859375,1715.0997314453125,21905.248046875,23914.62890625,297504.00957870483,439287.28334999084,7557.2578125,450450.0947113037,1196400.6046600342
2021-01-06 00:00:00-05:00,1191.981689453125,1708.7476806640625,22001.890625,22862.037109375,294098.4687023163,423823.03938293457,7557.2578125,453297.9353027344,1201703.8877410889
2021-01-07 00:00:00-05:00,1225.5513916015625,1626.8040771484375,22240.267578125,23002.828125,300291.51391551644,434535.5890051387,7772.455078125,457628.3867720589,1209059.5097300783
2021-01-08 00:00:00-05:00,1238.979248046875,1628.0745849609375,22401.337890625,23532.478515625,310992.7812527623,447974.4103962481,8038.28759765625,472261.84552722797,1242834.2108540758
2021-01-12 00:00:00-05:00,1269.9666748046875,1613.4642333984375,22330.46875,23465.43359375,301493.23034477234,438328.12959098816,8038.28759765625,469544.2897796631,1238806.6891174316
2021-01-13 00:00:00-05:00,1259.12109375,1641.4140625,22162.958984375,23183.8515625,301117.7971134186,442385.5482978821,8038.28759765625,459861.8623352051,1233416.792602539
2021-01-14 00:00:00-05:00,1282.8782958984375,1715.0997314453125,22098.533203125,23049.76171875,298328.411905542,435729.975670293,8038.28759765625,454305.83986863494,1229247.9612065852
2021-01-15 00:00:00-05:00,1249.8248291015625,1734.1563720703125,21653.98046875,22191.59375,295116.5939952247,425932.5525560416,8038.28759765625,448424.9807808548,1209548.0825074017
2021-01-19 00:00:00-05:00,1265.3184814453125,1784.3388671875,21576.669921875,22030.6875,307621.58736534044,432168.9085707832,8006.642578125,447871.61996392533,1230181.9857538417
2021-01-20 00:00:00-05:00,1258.6044921875,1787.5152587890625,21647.541015625,21728.994140625,325374.5371667985,448121.1324790716,8038.28759765625,461026.8125178218,1252008.2695735916
2021-01-21 00:00:00-05:00,1243.62744140625,1784.3388671875,21003.267578125,21554.677734375,323777.45943875983,461267.2657225281,7974.99560546875,453955.7764895819,1244261.736720018
2021-01-22 00:00:00-05:00,1215.73876953125,1804.0308837890625,20487.8515625,20890.939453125,326609.79718722403,470680.4598969072,8031.958984375,448616.2753767818,1245324.171634674
2021-01-25 00:00:00-05:00,1200.244873046875,1764.64697265625,20230.140625,20435.041015625,331220.2404437214,490093.3700441122,7956.00732421875,448664.6048472598,1266779.4515030384
2021-01-26 00:00:00-05:00,1220.9031982421875,1782.43310546875,20152.828125,20649.580078125,339315.8163493946,499311.9014063515,7848.40673828125,448209.5020926967,1286540.3530797511
2021-01-27 00:00:00-05:00,1151.6981201171875,1778.6220703125,19727.607421875,20113.228515625,325786.11518934555,498998.46151034534,7753.46728515625,437764.23281877674,1264075.4416600466
2021-01-28 00:00:00-05:00,1107.7994384765625,1775.446044921875,19811.365234375,20046.185546875,331233.1227981001,480540.8146281205,8063.60498046875,449191.8480490409,1272122.844491087
2021-01-29 00:00:00-05:00,1048.4068603515625,1658.565185546875,20307.455078125,20515.494140625,322446.0841420926,456655.4032537155,7816.76025390625,439739.41583836265,1230938.0696862862
2021-02-01 00:00:00-05:00,1048.4068603515625,1658.565185546875,20307.455078125,20924.462890625,334885.8413003795,465373.33408984914,7816.76025390625,447847.86836544983,1254247.4437009245
2021-02-02 00:00:00-05:00,1079.91064453125,1679.52734375,20745.556640625,21192.640625,339874.76509885304,468847.59762941673,7785.1142578125,461168.4840229079,1273477.6645419002
2021-02-03 00:00:00-05:00,1079.3941650390625,1651.5775146484375,20552.279296875,20783.66796875,360107.23279571533,459435.1271057129,7696.5029296875,452320.7974090576,1258680.3651428223
2021-02-04 00:00:00-05:00,1102.634765625,1632.5208740234375,20449.197265625,20783.66796875,359897.7954307571,472199.084892869,7683.8447265625,459751.7117589712,1275445.4928159714
2021-02-05 00:00:00-05:00,1112.9638671875,1631.885498046875,20809.986328125,21118.89453125,368395.1304817535,473730.7048800364,7772.455078125,477415.5947320461,1288592.2462784797
2021-02-08 00:00:00-05:00,1136.2044677734375,1682.703369140625,21132.123046875,21219.45703125,367356.89520835876,473891.6623497009,7759.796875,471465.8115196228,1297312.8787994385
2021-02-09 00:00:00-05:00,1137.7537841796875,1664.2821044921875,20925.95703125,21246.275390625,367343.2277069092,472829.7166557312,7740.80908203125,468173.01525878906,1301874.6788864136
2021-02-10 00:00:00-05:00,1133.6220703125,1676.986572265625,20906.623046875,21125.59765625,369854.498081211,471373.22486315295,7721.8203125,471083.8726291284,1303275.1880297065
2021-02-11 00:00:00-05:00,1105.217041015625,1702.395263671875,20487.8515625,20823.892578125,368516.71877098083,468256.7601585388,7911.701171875,472424.15268325806,1299336.4873428345
2021-02-12 00:00:00-05:00,1110.3814697265625,1689.69091796875,20487.8515625,20683.107421875,366196.27906417847,464737.394695282,7949.677734375,463412.00995635986,1293717.1707077026
2021-02-16 00:00:00-05:00,1141.3690185546875,1675.7159423828125,20339.66796875,20716.626953125,365795.12948417664,453361.4776916504,7835.7490234375,458142.2824668884,1281697.3228225708
2021-02-17 00:00:00-05:00,1136.2044677734375,1701.76025390625,20391.208984375,20917.7578125,370354.2904867679,449227.6613983214,8025.63037109375,469553.67245426774,1292985.0218968987
2021-02-18 00:00:00-05:00,1113.48046875,1675.7159423828125,20197.9296875,20709.923828125,368258.0218865555,445521.01966433227,8025.63037109375,473324.36769015715,1288003.6666706726
2021-02-19 00:00:00-05:00,1118.12841796875,1664.917236328125,20410.537109375,20850.7109375,367266.69099490345,448490.4252406806,7899.0419921875,465822.601975888,1292547.774553001
2021-02-22 00:00:00-05:00,1153.24755859375,1594.4075927734375,20474.96484375,20783.66796875,357760.1983297616,430991.60848611966,7848.40673828125,444015.7190461457,1270522.3616782576
2021-02-23 00:00:00-05:00,1183.201904296875,1603.9359130859375,20629.5859375,20817.189453125,366939.00256347656,440302.17885017395,7721.8203125,452317.9571285248,1300784.0279159546
2021-02-24 00:00:00-05:00,1192.498291015625,1613.4642333984375,20745.556640625,21320.021484375,371261.88890457153,438640.06781578064,7658.52734375,450848.3787975311,1315430.7888412476
2021-02-25 00:00:00-05:00,1177.520751953125,1629.344970703125,19495.673828125,20113.228515625,356222.53807640076,419906.6606311798,7582.57421875,446783.8449897766,1273341.8719024658
2021-02-26 00:00:00-05:00,1162.02734375,1638.8729248046875,19972.4296875,21051.84375,361832.7684676554,426211.5769303683,7449.658203125,450860.3808143828,1282830.0592354685
2021-03-01 00:00:00-05:00,1159.96142578125,1669.3638916015625,20069.0703125,20589.244140625,374129.2681503296,453712.8972301483,7468.64599609375,465124.71679115295,1327253.346321106
2021-03-02 00:00:00-05:00,1159.4449462890625,1666.1878662109375,19843.580078125,20414.92578125,370377.47911453247,440881.8986377716,7595.2333984375,459503.0489959717,1307100.9799957275
2021-03-03 00:00:00-05:00,1164.609375,1680.1624755859375,19856.462890625,20314.361328125,364547.0361328125,434498.25181388855,7766.12646484375,454852.0015926361,1302840.9703216553
2021-03-04 00:00:00-05:00,1177.0045166015625,1651.5775146484375,19521.4453125,20367.9921875,371175.4150390625,430582.3767089844,7759.796875,450421.533203125,1295599.9951171875
2021-03-05 00:00:00-05:00,1239.4957275390625,1632.5208740234375,19560.099609375,20113.228515625,378865.6873617321,430848.1709780842,7709.162109375,450335.23727281764,1306270.698352754
2021-03-08 00:00:00-05:00,1212.12353515625,1607.112060546875,19392.58984375,19945.62109375,361712.95491128415,411788.1867318973,7683.8447265625,453205.4029206522,1296414.4493659884
2021-03-09 00:00:00-05:00,1207.9918212890625,1606.476806640625,19521.4453125,20227.205078125,364552.74449758045,424935.9668214936,7658.52734375,454049.5407887399,1303665.8879704997
2021-03-10 00:00:00-05:00,1225.5513916015625,1626.8040771484375,19521.4453125,20207.09375,362575.81139945984,419615.0745868683,7658.52734375,457970.970123291,1307209.206237793
2021-03-11 00:00:00-05:00,1222.96923828125,1616.6405029296875,19804.921875,20220.501953125,369893.71112823486,421817.95613098145,7671.185546875,464751.2670135498,1306030.2312011719
2021-03-12 00:00:00-05:00,1228.1336669921875,1616.6405029296875,19895.12109375,20461.859375,361324.25451278687,418984.5253429413,7696.5029296875,462738.5544204712,1309277.428138733
2021-03-15 00:00:00-04:00,1280.812255859375,1619.8165283203125,19779.15234375,20381.404296875,356917.5829674676,423080.2857524827,7778.78466796875,470688.18472292274,1298343.3995312452
2021-03-16 00:00:00-04:00,1270.4830322265625,1635.697265625,19560.099609375,20140.046875,367607.61323547363,435068.07821273804,7721.8203125,476978.23247909546,1316477.2367477417
2021-03-17 00:00:00-04:00,1268.933837890625,1624.8983154296875,19457.013671875,19912.09765625,367364.6681175232,432322.43199157715,7715.49169921875,477606.22271728516,1320968.6453094482
2021-03-18 00:00:00-04:00,1213.6728515625,1626.168701171875,19205.74609375,19979.138671875,357776.32951927185,419014.48811531067,7639.53857421875,473690.82218170166,1305895.9670791626
2021-03-19 00:00:00-04:00,1224.001953125,1608.382568359375,19328.16015625,19576.876953125,356333.5973739624,414303.21311950684,7715.49169921875,451807.2911453247,1294613.9208984375
2021-03-23 00:00:00-04:00,1178.03759765625,1651.5775146484375,19328.16015625,19985.845703125,360140.287274614,424617.6703523733,7664.85693359375,452199.282758262,1299299.9303792864
2021-03-24 00:00:00-04:00,1204.89306640625,1655.388916015625,19328.16015625,20113.228515625,364645.47397232056,423157.788646698,7709.162109375,446558.3424797058,1314478.3503799438
2021-03-25 00:00:00-04:00,1195.596923828125,1664.2821044921875,19457.013671875,20314.361328125,367646.5256793089,428431.52558240667,7677.51513671875,434965.7758732438,1332911.0295186639
2021-03-26 00:00:00-04:00,1214.189453125,1653.483154296875,19118.044921875,19820.52734375,368115.8965396881,432830.1375770569,7683.8447265625,451967.1558856964,1361390.12966156
2021-03-29 00:00:00-04:00,1233.2982177734375,1670.6341552734375,19253.634765625,19618.962890625,374165.52323722653,436061.0038914103,7531.93994140625,456375.03710589,1368829.2373631224
2021-03-30 00:00:00-04:00,1225.5513916015625,1696.043212890625,19363.39453125,19504.74609375,377243.11006759293,434106.9388003461,7576.24560546875,458115.3710434865,1376226.0884242877
2021-03-31 00:00:00-04:00,1221.936279296875,1708.7476806640625,18840.41015625,19316.61328125,381327.7947692871,443563.21897888184,7601.56201171875,459264.7800350189,1385701.5967712402
2021-04-05 00:00:00-04:00,1200.761474609375,1702.395263671875,19305.28515625,19726.462890625,402735.4788765218,448805.2161643468,7588.90478515625,458416.96872890927,1394612.7149360627
2021-04-06 00:00:00-04:00,1182.1690673828125,1689.69091796875,19253.634765625,19773.494140625,402322.53946113586,451422.32513809204,7582.57421875,466901.8820705414,1398441.8410339355
2021-04-07 00:00:00-04:00,1206.958984375,1713.8294677734375,19434.421875,20156.46875,403580.1258029938,452795.47605895996,7620.55078125,460044.982049942,1385893.1930160522
2021-04-08 00:00:00-04:00,1178.03759765625,1674.4456787109375,19615.203125,20358.03125,407653.79904252663,463801.41697704606,7620.55078125,452650.4058191553,1399275.4201375544
2021-04-09 00:00:00-04:00,1167.191650390625,1670.6341552734375,19757.25,20626.787109375,408444.30240370333,469885.5160069652,7595.2333984375,455437.11581628583,1399556.8840742111
2021-04-12 00:00:00-04:00,1181.13623046875,1664.2821044921875,19369.849609375,20109.439453125,407147.9109363556,467559.89172935486,7595.2333984375,463295.0655155182,1411886.4768447876
2021-04-13 00:00:00-04:00,1177.520751953125,1657.9300537109375,19279.455078125,19733.18359375,409542.1382141113,479644.7231750488,7595.2333984375,453465.00095939636,1418150.636581421
2021-04-14 00:00:00-04:00,1177.520751953125,1657.9300537109375,19279.455078125,20075.845703125,407684.66731262207,471563.9125061035,7595.2333984375,449578.25106811523,1414874.70703125
2021-04-15 00:00:00-04:00,1197.662841796875,1676.986572265625,19628.1171875,20727.5703125,414211.6867266502,478820.36831524223,7785.1142578125,452890.46079568565,1425425.7940790057
2021-04-16 00:00:00-04:00,1197.1427001953125,1663.01171875,19686.2265625,20384.908203125,408687.11989974976,471755.9331970215,7785.1142578125,449481.1380119324,1412912.675567627
2021-04-19 00:00:00-04:00,1196.6221923828125,1668.7286376953125,19492.52734375,20196.783203125,405796.0264329333,469351.48174641654,7842.07763671875,439170.9230334498,1391778.1189704314
2021-04-20 00:00:00-04:00,1186.7371826171875,1667.4581298828125,19273.0,20358.03125,409712.79866981506,470008.49589920044,7911.701171875,427153.09114074707,1401577.210319519
2021-04-21 00:00:00-04:00,1176.85205078125,1670.6341552734375,19189.068359375,20022.09375,411401.91078186035,473465.8435821533,7892.712890625,438455.48263549805,1420928.3611679077
2021-04-22 00:00:00-04:00,1170.6087646484375,1670.6341552734375,18988.912109375,19726.462890625,403498.4006729126,464206.5898323059,7861.0654296875,432552.63423347473,1397091.0422668457
2021-04-23 00:00:00-04:00,1159.1627197265625,1663.6466064453125,18595.05859375,19350.2109375,414426.07419959456,475373.37300557643,7899.0419921875,438511.1498224884,1420082.0643378496
2021-04-26 00:00:00-04:00,1181.01416015625,1663.6466064453125,18827.494140625,19477.87109375,415443.2827911377,475890.1306877136,7991.24658203125,442424.7344608307,1420589.7182998657
2021-04-27 00:00:00-04:00,1189.858642578125,1657.9300537109375,19201.978515625,19833.96875,419591.35649567284,483430.0737230368,8163.81640625,452284.19711846486,1446193.067200452
2021-04-28 00:00:00-04:00,1213.2708740234375,1667.4581298828125,18853.32421875,19484.5859375,434716.6875305176,483475.1538696289,8143.9033203125,450246.47842407227,1454541.83203125
2021-04-29 00:00:00-04:00,1201.824951171875,1670.6341552734375,18530.4921875,19148.6484375,438350.90062424727,480286.8904209249,8084.16748046875,456344.8600700069,1455178.6909273937
2021-04-30 00:00:00-04:00,1149.7978515625,1657.9300537109375,18078.53125,18758.955078125,433387.6996026784,475464.04271563515,7931.51171875,456501.2074728552,1453231.0933288336
2021-05-03 00:00:00-04:00,1154.4803466796875,1594.4075927734375,17755.69921875,18409.57421875,435907.48236821964,484301.4679632336,7758.943359375,462623.09396406636,1471335.4539261013
2021-05-04 00:00:00-04:00,1157.60205078125,1593.7724609375,17755.69921875,18208.013671875,435070.9047902338,473594.7274157554,7666.021484375,463773.49859897606,1482527.3367768303
2021-05-05 00:00:00-04:00,1190.3790283203125,1602.66552734375,18078.53125,18584.265625,439386.49149513245,477583.9741382599,7632.83447265625,469108.93870544434,1492311.5570526123
2021-05-06 00:00:00-04:00,1190.3790283203125,1654.11865234375,18517.578125,19162.0859375,446165.8035718091,486416.34361227974,7632.83447265625,476312.24165930785,1512889.2232309207
2021-05-07 00:00:00-04:00,1190.3790283203125,1640.7786865234375,18678.9921875,19444.2734375,443320.2473373413,482876.5785369873,7632.83447265625,485561.74237060547,1504752.6582641602
2021-05-10 00:00:00-04:00,1226.2777099609375,1645.225341796875,19285.9140625,19833.96875,425983.006948011,463889.12794063054,7632.83447265625,473925.4292730838,1469445.6950204745
2021-05-11 00:00:00-04:00,1204.42626953125,1646.495849609375,18614.42578125,19444.2734375,417088.2205692865,455144.71533693373,7632.83447265625,470936.0243594013,1439563.6145476252
2021-05-12 00:00:00-04:00,1233.041259765625,1656.0245361328125,18478.837890625,19256.146484375,404829.0761775337,444417.0058543328,7632.83447265625,458768.2775318157,1410767.716531828
2021-05-13 00:00:00-04:00,1197.1427001953125,1657.9300537109375,18143.09375,18752.23828125,414381.98595160805,457075.011830952,7632.83447265625,464293.3883438967,1442323.0582250655
2021-05-14 00:00:00-04:00,1241.8857421875,1676.986572265625,18917.892578125,19457.712890625,420232.55666588806,462489.71102599986,7765.57958984375,468650.7808743529,1453112.1557087526
2021-05-18 00:00:00-04:00,1225.237060546875,1664.2821044921875,18336.79296875,19081.455078125,413303.92184395716,448718.40432797745,7798.76708984375,462901.88651950844,1423406.3067421913
2021-05-19 00:00:00-04:00,1221.074951171875,1666.1878662109375,18259.31640625,18980.671875,412081.00235873647,445041.2071935795,7778.85546875,450880.3787417598,1409724.9188108295
2021-05-20 00:00:00-04:00,1203.906005859375,1662.8226318359375,18156.005859375,18732.080078125,421365.3299852554,457490.23446240276,7699.20751953125,455012.8025372382,1434339.3130162358
2021-05-21 00:00:00-04:00,1188.818115234375,1652.2647705078125,17884.828125,18617.857421875,422874.76230967604,454876.8356094733,7758.943359375,457092.6253167726,1446687.7216560394
2021-05-24 00:00:00-04:00,1193.50048828125,1629.829833984375,17820.265625,18409.57421875,438510.0211620331,464430.14457321167,7732.39453125,465420.8905239105,1472324.6609954834
2021-05-25 00:00:00-04:00,1162.8046875,1544.70947265625,17626.5625,18470.04296875,437385.1635131836,462151.62599372864,7732.39453125,464767.18811416626,1464237.2579040527
2021-05-26 00:00:00-04:00,1155.00048828125,1544.0494384765625,17684.671875,18275.19921875,441203.6712207794,462588.39660072327,7732.39453125,474294.30230903625,1468887.385559082
2021-05-27 00:00:00-04:00,1155.00048828125,1428.57568359375,18207.662109375,18476.765625,438345.92878341675,457290.83075523376,7632.83447265625,473593.9772796631,1471031.8014144897
2021-05-28 00:00:00-04:00,1150.318115234375,1517.6553955078125,18039.791015625,18342.388671875,434775.9682619646,452256.93062173575,7632.83447265625,471503.505996719,1465441.0360936522
2021-06-01 00:00:00-04:00,1184.1357421875,1550.64794921875,18201.205078125,18617.857421875,437645.28908729553,449396.75278663635,7632.83447265625,463052.7763366699,1458897.6526260376
2021-06-02 00:00:00-04:00,1217.4332275390625,1640.3875732421875,18181.83203125,18678.330078125,430796.7783033028,447129.23322215676,7632.83447265625,456685.68705470674,1444879.9252519906
2021-06-03 00:00:00-04:00,1227.8385009765625,1646.3262939453125,18601.515625,19041.142578125,425125.0825653076,440151.9981536865,7579.73828125,455090.511926651,1434340.155555725
2021-06-04 00:00:00-04:00,1225.237060546875,1597.4971923828125,18207.662109375,18678.330078125,434343.69510269165,449445.86251831055,7573.10009765625,454563.59746170044,1450379.829711914
2021-06-08 00:00:00-04:00,1246.568359375,1605.41552734375,18272.224609375,18940.36328125,428864.17248535156,445864.9404144287,7685.93359375,446611.5258731842,1428028.9635238647
2021-06-09 00:00:00-04:00,1233.041259765625,1592.2186279296875,18246.40234375,19041.142578125,429022.5174312517,445636.9547072612,7593.01318359375,439974.5536576621,1420637.9057633132
2021-06-10 00:00:00-04:00,1240.8453369140625,1583.6405029296875,18272.224609375,18879.892578125,433182.2183977086,441363.8305361066,7500.09033203125,436414.7362754084,1425269.194445081
2021-06-11 00:00:00-04:00,1243.966796875,1570.443359375,18433.64453125,19027.70703125,434150.3685239572,447605.89071480744,7566.46337890625,441489.80423129536,1433714.938138634
2021-06-15 00:00:00-04:00,1268.93994140625,1548.00830078125,18046.24609375,18611.138671875,439879.4758605957,462011.78775024414,7513.365234375,442050.9715270996,1454367.5831222534
2021-06-16 00:00:00-04:00,1253.3316650390625,1580.3411865234375,18168.919921875,18577.546875,442746.0701370239,469352.9676246643,7420.443359375,447692.9121685028,1463548.731918335
2021-06-17 00:00:00-04:00,1244.4869384765625,1577.0418701171875,17923.5703125,18476.765625,443407.7975292206,472181.1617012024,7433.71826171875,439737.8729438782,1453598.2112121582
2021-06-18 00:00:00-04:00,1247.088623046875,1609.37451171875,17942.9375,18678.330078125,444013.9454689026,474416.6885242462,7513.365234375,444558.2800292969,1455532.30128479
2021-06-21 00:00:00-04:00,1279.865478515625,1571.76318359375,17859.005859375,18470.04296875,455136.4665412903,486270.8885307312,7559.8251953125,455172.7099971771,1491908.7179260254
2021-06-22 00:00:00-04:00,1290.7911376953125,1610.034423828125,17561.998046875,18241.60546875,455986.0070869252,491275.8687804602,7559.8251953125,462469.49903975055,1495442.4767378643
2021-06-23 00:00:00-04:00,1312.12255859375,1669.4208984375,17549.087890625,18066.916015625,457898.3377507143,493125.431150727,7460.26708984375,467359.82677076384,1503330.605058074
2021-06-24 00:00:00-04:00,1430.743896484375,1648.965576171875,17949.39453125,18409.57421875,459533.7290532943,492309.67097193375,7526.63916015625,469357.4304382019,1512824.4462756217
2021-06-25 00:00:00-04:00,1441.1494140625,1670.7408447265625,17887.9140625,18641.9296875,457402.8049583435,488891.0012817383,7513.365234375,539703.6520004272,1511242.6021575928
2021-06-28 00:00:00-04:00,1414.095458984375,1677.3392333984375,17493.138671875,18217.630859375,452833.6090485938,489969.5092261955,7513.365234375,527305.0277946889,1498987.5430499017
2021-06-29 00:00:00-04:00,1413.5750732421875,1715.6103515625,17279.5703125,17752.93359375,448851.3939857483,492304.71055984497,7500.09033203125,536136.1379241943,1489665.9251403809
2021-06-30 00:00:00-04:00,1416.176513671875,1696.474853515625,17357.232421875,17779.873046875,455989.7695426941,503198.51613235474,7466.90380859375,540372.3112449646,1516966.6753463745
2021-07-01 00:00:00-04:00,1466.6427001953125,1701.7535400390625,17279.5703125,17564.357421875,455190.4346294403,501993.7152709961,7500.09033203125,550081.3674964905,1518451.3292312622
2021-07-02 00:00:00-04:00,1483.291259765625,1676.6795654296875,18120.8984375,18520.701171875,469095.25830078125,515620.3017578125,7493.45361328125,560256.625,1541333.515625
2021-07-06 00:00:00-04:00,1451.034423828125,1654.2445068359375,17732.591796875,18190.69140625,468113.2385158539,518255.936542511,7393.89501953125,556237.7141532898,1522850.6405639648
2021-07-07 00:00:00-04:00,1456.757568359375,1661.502685546875,18250.33203125,18588.048828125,473870.6797885895,532850.6114387512,7393.89501953125,561989.9438896179,1544419.5520935059
2021-07-08 00:00:00-04:00,1432.304931640625,1658.86328125,18321.51953125,18594.783203125,474744.6628417969,534971.0606689453,7340.7958984375,571136.5369262695,1552408.6713867188
2021-07-09 00:00:00-04:00,1436.466796875,1660.8427734375,18645.111328125,18924.787109375,477946.6718673706,543548.0167579651,7393.89501953125,574134.424495697,1573518.9792251587
2021-07-12 00:00:00-04:00,1430.743896484375,1662.16259765625,18638.638671875,18978.666015625,482235.2455177307,539853.1410331726,7393.89501953125,575555.5684928894,1575232.9445495605
2021-07-13 00:00:00-04:00,1415.1357421875,1662.8226318359375,18573.919921875,18904.5859375,482501.2225827016,542847.5802192613,7480.1787109375,573401.6369130686,1566059.5320789218
2021-07-14 00:00:00-04:00,1378.717041015625,1659.5230712890625,18515.673828125,18924.787109375,486034.2514878139,556090.4159376808,7433.71826171875,573389.2176835053,1568586.950859055
2021-07-15 00:00:00-04:00,1337.09521484375,1655.564208984375,18638.638671875,18857.44140625,477689.1706757173,549365.4233820587,7400.5322265625,569539.3439487591,1551279.7369076759
2021-07-16 00:00:00-04:00,1331.8927001953125,1652.2647705078125,18619.21875,18850.703125,478908.74462890625,543164.9141235352,7393.89501953125,564651.2606201172,1543909.4854431152
2021-07-19 00:00:00-04:00,1273.622314453125,1616.6329345703125,18120.8984375,18318.65625,471474.2596727535,530331.895866096,7367.34521484375,559541.3503268585,1525993.7152651846
2021-07-21 00:00:00-04:00,1318.8858642578125,1656.22412109375,18321.51953125,18736.21484375,484982.59563446045,543853.8468933105,7373.98291015625,573596.7060279846,1567996.028213501
2021-07-22 00:00:00-04:00,1326.68994140625,1636.4283447265625,18295.630859375,18924.787109375,490783.7888069153,551883.4010543823,7340.7958984375,585819.8232879639,1579401.5258407593
2021-07-23 00:00:00-04:00,1327.2100830078125,1652.9244384765625,18315.046875,19039.28125,510344.0320288241,560703.0620480925,7340.7958984375,597760.4585491903,1601254.2377141565
2021-07-26 00:00:00-04:00,1351.1427001953125,1643.0269775390625,18315.046875,19059.486328125,516756.55169677734,565058.7884902954,7367.34521484375,596079.9759178162,1613333.785446167
2021-07-27 00:00:00-04:00,1352.7034912109375,1649.6256103515625,18379.767578125,18870.908203125,511370.577255249,559753.7571258545,7267.7861328125,597527.2372283936,1614962.1699829102
2021-07-28 00:00:00-04:00,1358.4263916015625,1649.6256103515625,18133.83984375,18722.744140625,530498.8912391663,555932.771030426,7300.9736328125,604024.5396728516,1622857.6530914307
2021-07-29 00:00:00-04:00,1376.6358642578125,1659.5230712890625,18082.0703125,18668.86328125,521387.3563308716,550151.1811714172,7168.2275390625,600536.1563148499,1605812.5661315918
2021-07-30 00:00:00-04:00,1369.8721923828125,1668.76123046875,17991.458984375,18588.048828125,513890.56952638924,547296.4041934684,6969.1103515625,598376.3307575509,1586998.7044109255
2021-08-02 00:00:00-04:00,1351.6629638671875,1669.4208984375,17991.458984375,18655.392578125,518444.8295402527,550336.8278312683,6955.83544921875,607570.7213592529,1596310.7972335815
2021-08-03 00:00:00-04:00,1363.10888671875,1669.4208984375,17926.740234375,18614.984375,523242.2423324585,559236.2590522766,6816.4541015625,618647.0622138977,1614662.9071807861
2021-08-04 00:00:00-04:00,1333.9737548828125,1693.8353271484375,18438.013671875,18985.3984375,523741.6494140625,560296.9177856445,6710.25830078125,624017.9025268555,1614512.2976074219
2021-08-05 00:00:00-04:00,1314.7236328125,1705.0528564453125,17732.591796875,18540.90234375,527193.909111023,559747.761631012,6756.71826171875,629969.8449325562,1621739.7909164429
2021-08-06 00:00:00-04:00,1325.129150390625,1691.8558349609375,17823.1953125,18352.33203125,527228.383140564,559221.2701225281,6769.99365234375,628572.5862503052,1630800.8140945435
2021-08-09 00:00:00-04:00,1347.500732421875,1681.9581298828125,18101.482421875,18534.169921875,538457.5859277397,566038.9628688991,6769.99365234375,632659.7004135251,1650094.7418170422
2021-08-10 00:00:00-04:00,1351.6629638671875,1689.2164306640625,18315.046875,18722.744140625,542145.1843442917,568443.9832414538,6683.70947265625,639341.7416393012,1664629.8221304417
2021-08-11 00:00:00-04:00,1372.9940185546875,1700.4339599609375,18509.201171875,18992.134765625,536085.8690261841,565276.0189628601,6560.91943359375,630961.2246513367,1656304.2086029053
2021-08-12 00:00:00-04:00,1364.1492919921875,1682.6180419921875,18962.2265625,19524.185546875,536174.5284039006,573265.240149796,6484.591796875,624551.0957566574,1649369.7978113294
2021-08-13 00:00:00-04:00,1345.4195556640625,1694.495361328125,19447.603515625,19941.7421875,526894.4878463745,561952.579662323,6262.2431640625,615125.9621772766,1618628.9014434814
2021-08-17 00:00:00-04:00,1342.2978515625,1732.1065673828125,19932.984375,20541.13671875,520539.42444866896,563595.2306311391,6610.69873046875,608772.6135047749,1604741.997642085
2021-08-18 00:00:00-04:00,1336.0548095703125,1774.3370361328125,20308.345703125,21133.8046875,520999.0015411377,554628.8070831299,6909.37548828125,608100.4393386841,1603057.4997253418
2021-08-19 00:00:00-04:00,1311.0816650390625,1781.595458984375,20483.0859375,21281.96875,518052.3092880249,551832.0797653198,6703.62060546875,592117.4084587097,1593621.799736023
2021-08-20 00:00:00-04:00,1319.4061279296875,1781.595458984375,20295.404296875,21059.71875,527308.5635545477,560173.3749251068,6769.99365234375,602929.8782945052,1614205.1515027136
2021-08-23 00:00:00-04:00,1375.5953369140625,1781.595458984375,20398.951171875,21201.1484375,537552.8390846252,566153.2755584717,6836.365234375,610117.3100395203,1628943.4374389648
2021-08-24 00:00:00-04:00,1389.6427001953125,1768.3984375,20360.126953125,21147.271484375,543629.7729014382,567267.5772884302,6990.32177734375,612622.8020686358,1635966.9241091684
2021-08-25 00:00:00-04:00,1392.244140625,1757.8409423828125,20321.29296875,21100.12890625,544669.0827217102,560323.2390594482,7007.90234375,609759.9965248108,1633068.2429580688
2021-08-26 00:00:00-04:00,1369.35205078125,1755.201416015625,19997.705078125,20743.18359375,542011.0901260376,557010.0643348694,6990.32177734375,599043.9100074768,1622804.4780731201
2021-08-27 00:00:00-04:00,1383.9195556640625,1778.2962646484375,20256.572265625,21012.57421875,552155.9520874023,561338.5279541016,6912.9638671875,602755.8019104004,1638021.7695922852
2021-08-30 00:00:00-04:00,1378.1966552734375,1768.3984375,20347.177734375,21100.12890625,548849.2098174952,572616.812170621,6835.6064453125,598318.0755067691,1628815.892246902
2021-08-31 00:00:00-04:00,1375.074951171875,1778.2962646484375,20321.29296875,20925.02734375,547495.926361084,565973.7847900391,6909.44677734375,584724.0184783936,1621846.8687438965
2021-09-01 00:00:00-04:00,1347.500732421875,1768.3984375,20450.7265625,21079.923828125,542600.2653143182,561415.3626751155,6909.44677734375,576797.5709372759,1602316.8672852963
2021-09-02 00:00:00-04:00,1389.1224365234375,1781.595458984375,20230.685546875,21012.57421875,534094.1425552368,564238.0762367249,6919.99658203125,572284.6284942627,1603214.3057556152
2021-09-03 00:00:00-04:00,1370.912841796875,1771.6976318359375,20256.572265625,21147.271484375,540770.3990516663,571902.0676231384,6884.833984375,576273.1955528259,1617434.1366348267
2021-09-07 00:00:00-04:00,1355.8250732421875,1781.595458984375,20127.138671875,20877.87890625,537724.7905502804,575324.242660094,6694.955078125,568606.5653191172,1597118.4702924788
2021-09-08 00:00:00-04:00,1349.0615234375,1781.595458984375,20353.6484375,20891.34765625,541300.5257148743,575661.9493331909,6786.37841796875,567915.6892318726,1612199.0191345215
2021-09-09 00:00:00-04:00,1337.09521484375,1814.5880126953125,20366.591796875,21140.537109375,543233.8912592456,574444.371159967,6786.37841796875,579876.5412215441,1612425.8859284967
2021-09-10 00:00:00-04:00,1328.250732421875,1816.5675048828125,20288.93359375,21073.1875,536801.8831244223,559235.3979828954,6751.21630859375,584744.1259851158,1611092.4237213805
2021-09-13 00:00:00-04:00,1338.1358642578125,1844.9410400390625,20055.951171875,20743.18359375,541123.7520332336,560141.377029419,6719.5693359375,568904.9295959473,1611179.5019989014
2021-09-14 00:00:00-04:00,1326.68994140625,1830.4244384765625,20107.72265625,20877.87890625,541307.5969384238,554148.5234973207,6680.89111328125,565544.5756091177,1600755.5485533923
2021-09-15 00:00:00-04:00,1363.10888671875,1847.5804443359375,20107.72265625,21012.57421875,548450.0612396672,557536.9507254623,6649.244140625,562500.5952422209,1614019.3174103647
2021-09-16 00:00:00-04:00,1360.5074462890625,1827.78515625,20081.837890625,20999.109375,543131.8757171631,554387.1192512512,6624.63134765625,559125.0544471741,1604488.359779358
2021-09-17 00:00:00-04:00,1335.0142822265625,1794.792724609375,20127.138671875,21079.923828125,532807.5333192945,544525.0339512527,6610.56494140625,555254.3305769563,1589921.5071693063
2021-09-20 00:00:00-04:00,1311.0816650390625,1794.792724609375,20036.53515625,20810.53515625,526355.8570861816,534336.1908531189,6603.53271484375,549033.7701187134,1567340.937652588
2021-09-21 00:00:00-04:00,1315.7640380859375,1810.628662109375,19738.833984375,20588.28125,529820.5724487305,538480.4092254639,6540.24072265625,554154.2752532959,1573200.39793396
2021-09-22 00:00:00-04:00,1337.09521484375,1827.78515625,19816.4921875,20541.13671875,533646.8285980225,546603.8728408813,6709.02099609375,561816.4738769531,1585925.9921722412
2021-09-23 00:00:00-04:00,1347.500732421875,1818.5472412109375,19997.705078125,20635.4296875,536692.6724453866,549762.8077575266,6821.541015625,568921.4133691192,1603439.5739107132
2021-09-24 00:00:00-04:00,1326.68994140625,1821.1865234375,20088.30859375,20797.060546875,540535.9504203796,550147.2750549316,6821.541015625,533351.7681312561,1606652.2172927856
2021-09-27 00:00:00-04:00,1389.6427001953125,1847.5804443359375,21129.205078125,21846.533203125,536570.7378609627,544728.1616194248,6758.24853515625,528198.6743146479,1602738.4685672522
2021-09-28 00:00:00-04:00,1404.2103271484375,1854.1788330078125,21109.75,21880.279296875,517255.10924726725,532403.6282862723,6786.37841796875,519047.06170499325,1572636.7169836164
2021-09-29 00:00:00-04:00,1407.8521728515625,1860.77734375,21401.58984375,22055.75,511099.35614579916,535296.9408647418,6856.70361328125,521075.5749168098,1573704.1628175378
2021-09-30 00:00:00-04:00,1422.419677734375,1858.1380615234375,21401.58984375,22244.72265625,508345.63259887695,530128.4154548645,6821.541015625,518076.7035446167,1553684.1325302124
2021-10-01 00:00:00-04:00,1440.6290283203125,1868.69580078125,21459.958984375,22271.720703125,515777.56745383143,530864.4359978735,6821.541015625,521098.16373051703,1561675.3510993123
2021-10-04 00:00:00-04:00,1469.7642822265625,1884.5321044921875,21531.296875,22460.69140625,502185.0351905823,515032.8073768616,6821.541015625,518593.02017211914,1533155.920074463
2021-10-05 00:00:00-04:00,1461.9603271484375,1887.1715087890625,21660.998046875,22339.2109375,511065.13342666626,522324.6799507141,6877.80126953125,526769.9892425537,1549225.4620056152
2021-10-06 00:00:00-04:00,1461.9603271484375,1901.6881103515625,21297.822265625,22271.720703125,515971.99628067017,524717.3508605957,6842.638671875,523543.9211997986,1553147.5750961304
2021-10-07 00:00:00-04:00,1487.9736328125,1887.1715087890625,21654.515625,22595.673828125,522727.1139076054,530020.2589741945,6948.12646484375,534816.2936468422,1567609.7731975317
2021-10-08 00:00:00-04:00,1512.9466552734375,1903.66748046875,21654.515625,22541.681640625,522751.95397117734,526483.2379953265,6948.12646484375,534907.3223745823,1559093.0922678113
2021-10-11 00:00:00-04:00,1531.676513671875,1906.9671630859375,21596.1484375,22494.4375,518744.5963956937,525394.1052892357,6962.19140625,526430.3028545231,1545232.319461286
2021-10-12 00:00:00-04:00,1510.8656005859375,1912.9056396484375,21142.17578125,21947.765625,507658.50103378296,518689.4175338745,6962.19140625,535201.3627052307,1535646.332206726
2021-10-13 00:00:00-04:00,1513.4669189453125,1910.926025390625,21498.87109375,22393.203125,508234.5692536235,512818.11697244644,6955.1591796875,541618.7666021287,1530158.9536187053
2021-10-14 00:00:00-04:00,1518.1494140625,1931.381591796875,22179.828125,23203.083984375,523332.4116973877,525110.3278694153,7032.5166015625,546528.031627655,1562074.4449920654
2021-10-15 00:00:00-04:00,1540.0008544921875,1927.4224853515625,22439.240234375,23324.568359375,527408.0685621798,532357.0236262083,6902.41455078125,552983.6103320718,1583887.9770751595
2021-10-19 00:00:00-04:00,1536.3592529296875,1932.7010498046875,22179.828125,23034.359375,535186.2752494812,547589.0675239563,7032.5166015625,553151.2452163696,1603389.564376831
2021-10-20 00:00:00-04:00,1528.034423828125,1924.782958984375,22140.9140625,23101.845703125,529391.8549421988,549108.8457084633,7032.5166015625,555035.0537885539,1608615.1055572182
2021-10-21 00:00:00-04:00,1513.9873046875,1916.86474609375,22127.943359375,22973.619140625,530010.3584952392,550106.5092309229,7081.744140625,568295.5824904628,1613346.0516300723
2021-10-22 00:00:00-04:00,1503.581787109375,1914.2254638671875,21790.70703125,22582.17578125,515636.4388847351,549074.9241027832,6983.2890625,574814.3753814697,1616921.341506958
2021-10-25 00:00:00-04:00,1503.581787109375,1924.3023681640625,21946.35546875,23081.599609375,513416.3194847107,547002.2975158691,7004.3857421875,575430.0830841064,1619790.2436065674
2021-10-26 00:00:00-04:00,1524.3927001953125,1911.188232421875,22309.537109375,23284.072265625,520231.7160987854,549358.742351532,7067.67919921875,573770.932849884,1621201.766670227
2021-10-27 00:00:00-04:00,1491.61572265625,1891.1724853515625,22251.16796875,23250.328125,546685.0195350647,548284.1261329651,7032.5166015625,569406.2535057068,1615906.0755386353
2021-10-28 00:00:00-04:00,1503.581787109375,1911.188232421875,22114.974609375,23277.3203125,543643.7998352051,560272.0604324341,7067.67919921875,575047.0018844604,1626459.3022155762
2021-10-29 00:00:00-04:00,1481.2103271484375,1877.368408203125,21920.4140625,22730.654296875,554696.2624397278,552954.2640724182,6898.89892578125,587977.1931266785,1637989.6512908936
2021-11-02 00:00:00-04:00,1484.8521728515625,1851.1402587890625,22082.548828125,22946.62109375,542091.2622642517,550907.9759216309,6905.931640625,586830.5286483765,1639326.4454956055
2021-11-03 00:00:00-04:00,1503.581787109375,1891.1724853515625,22303.048828125,22946.62109375,552106.1629371643,562079.1009750366,6919.99658203125,609418.6454086304,1666516.587272644
2021-11-04 00:00:00-04:00,1493.6966552734375,1833.88525390625,21823.1328125,22541.681640625,563261.1176137328,564995.0500531122,6905.931640625,625207.9244779721,1688753.1747585982
2021-11-05 00:00:00-04:00,1496.8184814453125,1829.0535888671875,21660.998046875,22582.17578125,571372.053981781,572925.5634498596,6891.86572265625,639174.1851463318,1712351.0572357178
2021-11-08 00:00:00-05:00,1520.750732421875,1860.80322265625,21738.826171875,22595.673828125,572133.1264686584,569817.976650238,6821.541015625,618873.6612281799,1714355.86013031
2021-11-09 00:00:00-05:00,1528.034423828125,1855.9716796875,21531.296875,22190.734375,572365.7799568176,571883.325050354,6941.0947265625,626695.8554077148,1710371.53175354
2021-11-10 00:00:00-05:00,1498.379150390625,1838.026123046875,21207.02734375,21738.55078125,559290.8371489495,559475.3230908662,6789.89404296875,605082.6306794956,1692465.8920581713
2021-11-11 00:00:00-05:00,1490.0548095703125,1841.477294921875,20882.76171875,21731.802734375,560323.4155082703,560806.9971694946,6786.37841796875,602076.4960250854,1697760.5306167603
2021-11-12 00:00:00-05:00,1477.568359375,1836.64599609375,20817.908203125,21704.802734375,571736.3529243469,569067.5487937927,6786.37841796875,609956.8701591492,1710926.0156555176
2021-11-16 00:00:00-05:00,1435.94677734375,1782.8094482421875,20266.654296875,20989.408203125,569503.006292332,573756.3136006072,6786.37841796875,620768.0834323354,1720753.2232172117
2021-11-17 00:00:00-05:00,1441.1494140625,1780.73876953125,20085.06640625,20651.9609375,571659.1522293091,584749.6825790405,6617.59814453125,622072.6288146973,1721208.9378890991
2021-11-18 00:00:00-05:00,1435.426513671875,1870.4661865234375,20039.6640625,20854.4296875,582143.4214782715,605143.8164176941,6610.56494140625,624486.1946525574,1737530.0209121704
2021-11-19 00:00:00-05:00,1376.1156005859375,1739.32666015625,19520.84765625,20247.013671875,580963.5192337036,617930.2836303711,6540.24072265625,639954.4670715332,1741778.3294754028
2021-11-22 00:00:00-05:00,1363.10888671875,1726.21240234375,19585.693359375,20442.740234375,567678.1248016357,616430.2781181335,6441.78515625,634208.1639137268,1727290.4915542603
2021-11-23 00:00:00-05:00,1383.9195556640625,1722.7613525390625,19618.12109375,20449.486328125,567359.3501586914,619779.3821411133,6441.78515625,628482.8831176758,1734877.3040771484
2021-11-24 00:00:00-05:00,1396.40625,1763.4837646484375,19845.111328125,20584.470703125,572189.1183700562,625657.1324615479,6448.8173828125,631925.9191665649,1750129.0464935303
2021-11-26 00:00:00-05:00,1319.4061279296875,1808.347412109375,19650.548828125,20280.763671875,561143.7727241516,610594.1631202698,6680.89111328125,622041.9145317078,1723973.1456298828
2021-11-29 00:00:00-05:00,1350.10205078125,1863.5640869140625,19942.388671875,20516.98046875,578108.0530052185,628026.7569084167,6680.89111328125,633000.0115890503,1757388.265487671
2021-11-30 00:00:00-05:00,1352.7034912109375,1818.01025390625,21012.46875,21846.533203125,567616.856426239,652387.418876648,6751.21630859375,635061.232673645,1736025.4906234741
2021-12-01 00:00:00-05:00,1352.7034912109375,1830.43408203125,22114.974609375,23284.072265625,558636.7616577148,643846.4260215759,7032.5166015625,619326.2892227173,1698751.8017120361
2021-12-02 00:00:00-05:00,1383.3994140625,1863.5640869140625,22698.65625,24215.43359375,562186.544608295,635342.3599385396,7088.77685546875,627088.2879728377,1712645.247854799
2021-12-03 00:00:00-05:00,1384.43994140625,1842.85791015625,22406.8125,23621.51953125,554230.6878089905,623211.9526290894,7088.77685546875,624411.9348678589,1684626.9869613647
2021-12-06 00:00:00-05:00,1398.4871826171875,1840.0970458984375,22050.12109375,23290.8203125,552391.5539910905,629387.8009011894,7004.3857421875,612502.5460318923,1685561.0035203695
2021-12-07 00:00:00-05:00,1415.1357421875,1822.1514892578125,21375.64453125,21799.2890625,574134.3921546936,658424.5564155579,7032.5166015625,627544.7533149719,1738342.2789459229
2021-12-09 00:00:00-05:00,1409.9329833984375,1809.0374755859375,21077.3203125,22001.763671875,569935.487197876,664849.110496521,6962.19140625,609825.6451148987,1714213.7505340576
2021-12-10 00:00:00-05:00,1408.3721923828125,1813.6064453125,20882.76171875,21745.298828125,566216.3472120054,677348.4472515583,6962.19140625,607811.8300602175,1715141.2062017247
2021-12-13 00:00:00-05:00,1368.8319091796875,1822.7449951171875,20033.185546875,20854.4296875,555746.521614287,660789.7670162916,6905.931640625,597519.9808067568,1693408.866221778
2021-12-14 00:00:00-05:00,1359.4669189453125,1799.5477294921875,20130.462890625,21266.119140625,554460.0367774963,662693.6791687012,6895.3818359375,598874.4968643188,1699927.9753799438
2021-12-15 00:00:00-05:00,1352.7034912109375,1805.1715087890625,20532.55078125,21995.01171875,570322.0146091618,688953.6494615301,6958.67529296875,599857.8867671527,1745312.3761923239
2021-12-16 00:00:00-05:00,1375.074951171875,1824.151123046875,21466.439453125,22946.62109375,572836.1628644578,674007.3009704798,7025.48486328125,606430.0601725765,1760931.2766610086
2021-12-17 00:00:00-05:00,1376.1156005859375,1732.0648193359375,20830.880859375,23054.603515625,564649.539663732,672723.1788123213,6891.86572265625,604143.8301889598,1751529.564577885
2021-12-20 00:00:00-05:00,1342.8182373046875,1753.8563232421875,20474.185546875,22744.15234375,562109.6747366711,664811.4286852069,6758.24853515625,585588.6991005391,1725504.3765004724
2021-12-21 00:00:00-05:00,1351.1427001953125,1771.4300537109375,20247.197265625,21934.271484375,569861.5769271851,677913.0757369995,6578.91943359375,621964.8190116882,1757313.2161331177
2021-12-22 00:00:00-05:00,1379.237060546875,1778.459228515625,20363.9375,22730.654296875,580880.9599330947,687507.2701199278,6677.37451171875,616813.7029676065,1772996.4953035265
2021-12-23 00:00:00-05:00,1378.717041015625,1757.3709716796875,20558.494140625,22271.720703125,582592.3000076935,689682.9764892906,6751.21630859375,617376.3046297655,1783014.8064018562
2021-12-27 00:00:00-05:00,1403.68994140625,1824.151123046875,20600.46875,22288.125,585272.6918678284,704030.0942115784,6849.67138671875,623167.9505386353,1804714.4903335571
2021-12-28 00:00:00-05:00,1402.129150390625,1803.7655029296875,20840.919921875,22511.279296875,581222.4597619772,700905.0273111463,6849.67138671875,619681.0186420977,1805730.8410098553
2021-12-29 00:00:00-05:00,1404.7303466796875,1824.151123046875,20925.3984375,23464.744140625,582890.6501532197,703422.9643302262,6751.21630859375,630410.0309516788,1813198.89576298
2021-12-30 00:00:00-05:00,1399.52783203125,1757.3709716796875,20795.4296875,23464.744140625,585245.7311434299,703800.1082648188,6944.609375,630072.1242229044,1821043.3733678162
2022-01-03 00:00:00-05:00,1415.1357421875,1779.865234375,20873.41015625,23329.5,584354.9186711311,723738.4559855759,6983.2890625,623678.1290185153,1839797.5373696089
2022-01-04 00:00:00-05:00,1425.5411376953125,1792.518310546875,20977.38671875,23559.412109375,581897.4703794122,714465.2535619736,6962.19140625,630115.0514847636,1838958.127857089
2022-01-05 00:00:00-05:00,1383.9195556640625,1772.132568359375,20438.0078125,22991.390625,557316.0404306948,698108.4768139757,6997.35400390625,616776.328911867,1809977.9399504885
2022-01-06 00:00:00-05:00,1360.5074462890625,1711.67919921875,20197.560546875,22896.71875,550151.1439043283,677764.7990731895,6807.47509765625,604427.1867490411,1785735.8451345563
2022-01-07 00:00:00-05:00,1379.237060546875,1743.311767578125,20106.58203125,23126.6328125,547777.205476433,679108.704878062,7025.48486328125,589736.6363465488,1780359.213594675
2022-01-11 00:00:00-05:00,1436.466796875,1762.994384765625,20535.486328125,23532.36328125,561054.7254805267,693562.7155753374,6976.25634765625,567110.7291861176,1802279.0077670217
2022-01-12 00:00:00-05:00,1451.554931640625,1813.6064453125,21217.837890625,23924.572265625,560129.4009162709,685881.1281619444,7102.841796875,566500.6154095754,1782458.2102954388
2022-01-13 00:00:00-05:00,1455.717041015625,1776.3504638671875,21757.216796875,25425.771484375,546700.3010133505,670173.0440720916,7032.5166015625,554550.6923145354,1751062.7620421648
2022-01-14 00:00:00-05:00,1457.2777099609375,1739.7972412109375,21575.259765625,24668.41015625,548555.2637902498,671553.9665721953,7032.5166015625,547656.5616265461,1746347.5405910015
2022-01-18 00:00:00-05:00,1457.2777099609375,1739.7972412109375,21575.259765625,28434.94140625,540235.5120506138,665488.4674444795,7032.5166015625,548570.0840970129,1732724.013170153
2022-01-19 00:00:00-05:00,1457.2777099609375,1739.7972412109375,21575.259765625,28536.375,540799.6678654253,656432.0070948713,7032.5166015625,545804.8804908358,1727800.7776300684
2022-01-20 00:00:00-05:00,1511.9061279296875,1832.5865478515625,22680.013671875,27251.564453125,527843.5476123355,642680.6825669408,7735.76806640625,531101.9279806279,1690306.8683567122
2022-01-21 00:00:00-05:00,1483.291259765625,1820.6361083984375,22550.04296875,26271.05078125,513738.2188987732,631525.623588562,7735.76806640625,529446.2823867798,1649674.3963241577
2022-01-24 00:00:00-05:00,1469.2442626953125,1831.1802978515625,22387.578125,27048.697265625,513051.62693811953,625442.3647436947,7581.052734375,538151.869822517,1647516.5044020712
2022-01-25 00:00:00-05:00,1506.18310546875,1855.0806884765625,22478.556640625,26913.44921875,500314.73634673655,621350.5370928347,7552.923828125,538861.3908276558,1636537.5279142857
2022-01-26 00:00:00-05:00,1504.1021728515625,1862.8131103515625,22342.08984375,26372.478515625,508387.9330885112,619800.3999499306,7707.63818359375,532311.7350385487,1629594.818862319
2022-01-27 00:00:00-05:00,1511.3858642578125,1862.8131103515625,22225.115234375,26440.103515625,502609.8052368164,612032.2711296082,7735.76806640625,529571.7485542297,1605507.1118087769
2022-01-28 00:00:00-05:00,1501.5008544921875,1862.8131103515625,22874.96875,26784.97265625,523907.88585548475,660240.3042351007,7658.41015625,538710.8103576154,1658580.218884401
2022-01-31 00:00:00-05:00,1511.3858642578125,1841.7247314453125,22900.96484375,26710.578125,525035.1908325031,669150.0348721445,7686.5400390625,539956.1249727383,1667770.3811219335
2022-02-01 00:00:00-05:00,1499.419677734375,1820.6361083984375,22530.548828125,26379.23828125,538045.2407051101,673415.2006009519,7686.5400390625,544477.9495425299,1691637.7636378556
2022-02-02 00:00:00-05:00,1503.0615234375,1797.4390869140625,22706.0078125,26507.720703125,575711.0697828978,674858.7494851798,7630.28076171875,543619.5443310887,1699577.5581025332
2022-02-03 00:00:00-05:00,1476.52783203125,1778.459228515625,22719.00390625,26372.478515625,558007.9093763977,665240.0549197756,7447.4345703125,532523.2005589083,1664293.2574865967
2022-02-04 00:00:00-05:00,1509.304931640625,1813.6064453125,22556.54296875,26365.72265625,561775.5485723764,667659.763582319,7426.3369140625,535654.0713424385,1681548.5110847056
2022-02-07 00:00:00-05:00,1526.4737548828125,1813.6064453125,23069.931640625,26304.85546875,545998.0617564917,665155.4221814871,7489.6298828125,534992.7070843428,1676394.800683558
2022-02-08 00:00:00-05:00,1516.5887451171875,1814.309814453125,23069.931640625,25581.30078125,547977.5290657952,678928.7926104851,7489.6298828125,530222.0180142671,1693433.635522686
2022-02-09 00:00:00-05:00,1508.2645263671875,1792.518310546875,22530.548828125,25675.970703125,555002.93761684,682597.7668801546,7524.79345703125,538758.2943778187,1713489.643673569
2022-02-10 00:00:00-05:00,1482.77099609375,1762.29150390625,21965.171875,24600.7890625,540778.2663284987,663330.4777359143,7145.037109375,530925.9206319451,1675233.0737952143
2022-02-11 00:00:00-05:00,1546.244140625,1775.6474609375,21575.259765625,24817.181640625,521684.96254161,647224.1853794828,7145.037109375,511784.11329891905,1634912.2110477388
2022-02-14 00:00:00-05:00,1532.7169189453125,1750.34130859375,21659.736328125,25358.1484375,523635.17462257296,644599.1337905005,7067.67919921875,514103.66241262853,1620673.788176939
2022-02-15 00:00:00-05:00,1518.1494140625,1748.9354248046875,21893.685546875,25689.501953125,534187.2557412386,667482.1180525124,7222.39453125,534969.8819774091,1666607.051872611
2022-02-16 00:00:00-05:00,1569.65625,1746.8267822265625,22283.599609375,25777.40234375,539411.3695946932,667554.228684336,7243.49267578125,539120.9619412422,1671005.6379568577
2022-02-17 00:00:00-05:00,1568.61572265625,1739.0941162109375,22069.150390625,25642.169921875,520905.6785016209,655690.5278549269,7306.7841796875,527418.817993328,1641792.943802476
2022-02-18 00:00:00-05:00,1559.250732421875,1748.9354248046875,21867.689453125,25060.615234375,509931.9278640747,646287.5111274719,7306.7841796875,525315.9685134888,1622259.094734192
2022-02-22 00:00:00-05:00,1573.818359375,1727.8470458984375,21900.1875,24952.423828125,506268.34368899465,633077.1120667383,7208.32958984375,506465.0856878944,1600369.1397587508
2022-02-23 00:00:00-05:00,1588.9061279296875,1736.9852294921875,22420.0703125,26081.701171875,497047.32151709497,616031.8111360073,7313.81689453125,500934.8150780797,1569496.3731899858
2022-02-24 00:00:00-05:00,1589.9468994140625,1708.1644287109375,22212.1171875,26365.72265625,514712.3699935153,623623.899363447,7173.1669921875,500027.81893583015,1587349.2366440594
2022-02-25 00:00:00-05:00,1594.10888671875,1715.8970947265625,22485.0546875,26534.771484375,523394.0025215149,633915.7554244995,7173.1669921875,507736.86348724365,1627962.2973175049
2022-02-28 00:00:00-05:00,1697.642822265625,1722.2235107421875,22615.02734375,26399.529296875,516208.9114726335,623466.6424141824,7032.5166015625,490469.45052452385,1595273.5976362228
2022-03-01 00:00:00-05:00,1685.15625,1725.738037109375,23362.361328125,26974.310546875,522000.4031743109,627757.806404233,7032.5166015625,483811.10339716077,1599961.770695269
2022-03-02 00:00:00-05:00,1652.379150390625,1715.19384765625,23394.85546875,26947.265625,517980.10958743095,633338.6421901286,6997.35400390625,490781.07054908574,1610477.5436544418
2022-03-03 00:00:00-05:00,1666.94677734375,1741.90576171875,23316.873046875,27041.93359375,510745.4541878402,626383.3744266927,6997.35400390625,480225.3308454156,1588296.8542006016
2022-03-04 00:00:00-05:00,1737.7032470703125,1729.2528076171875,23479.33984375,27048.697265625,491601.8873757832,600748.9199510403,6828.57470703125,460486.41622858867,1538603.2492545918
2022-03-07 00:00:00-05:00,1768.919921875,1736.2823486328125,22985.447265625,26778.212890625,467743.88659085333,582446.2742074728,7032.5166015625,433807.17779678106,1483073.774335742
2022-03-08 00:00:00-05:00,1763.717041015625,1736.2823486328125,23134.912109375,26372.478515625,480140.9536933899,587527.3511505127,6821.541015625,431268.7853527069,1502401.1197280884
2022-03-09 00:00:00-05:00,1701.80517578125,1760.8853759765625,23654.80078125,26426.576171875,499018.46421548724,602081.4576415569,6779.34521484375,447229.20485955477,1527587.7934438884
2022-03-10 00:00:00-05:00,1768.919921875,1771.4300537109375,23524.830078125,26575.34765625,491193.58795928955,580840.9352378845,6768.79736328125,440294.87487602234,1507928.988960266
2022-03-11 00:00:00-05:00,1768.919921875,1771.4300537109375,23524.830078125,26494.1953125,491641.89531728625,578652.8878240585,6768.79736328125,437257.1638831347,1519849.5684252977
2022-03-14 00:00:00-04:00,1668.5078125,1736.2823486328125,23199.8984375,25905.884765625,476887.84199380316,563381.4280881174,6768.79736328125,419288.43117072433,1508625.786179848
2022-03-15 00:00:00-04:00,1664.8656005859375,1767.9150390625,23050.43359375,25831.501953125,486328.25740390643,576716.9992571622,6962.19140625,423330.81466736086,1532842.8844630346
2022-03-16 00:00:00-04:00,1654.4603271484375,1765.8060302734375,23362.361328125,26271.05078125,506401.59773921967,599017.1382119358,7025.48486328125,448022.47817750275,1581487.6386516094
2022-03-17 00:00:00-04:00,1735.1024169921875,1743.311767578125,23524.830078125,26440.103515625,508742.6234938614,603142.9950981289,7018.4521484375,456163.70490307175,1601841.0696938708
2022-03-18 00:00:00-04:00,1701.2847900390625,1764.4002685546875,23745.78125,26825.544921875,515455.94951584935,613406.2533855438,6842.638671875,468080.1224652678,1612793.3984041214
2022-03-22 00:00:00-04:00,1747.588623046875,1750.34130859375,24330.654296875,27183.94140625,527661.8345832825,629167.7960777283,6842.638671875,472916.5298652649,1626080.4891586304
2022-03-23 00:00:00-04:00,1836.5550537109375,1750.34130859375,25409.41796875,28063.017578125,516146.3228294067,627650.6042233296,6870.76904296875,467607.1459513251,1588742.1048046276
2022-03-24 00:00:00-04:00,1839.15673828125,1744.0146484375,25344.4296875,28333.51171875,529199.7534389198,642793.4448367059,6870.76904296875,465030.1191684902,1614009.016618073
2022-03-25 00:00:00-04:00,1867.771240234375,1725.738037109375,25610.8671875,28563.419921875,531965.999735415,648103.8996825814,6870.76904296875,472857.1869146377,1629460.7200273275
2022-03-28 00:00:00-04:00,1820.9468994140625,1740.5,26127.994140625,29142.138671875,532129.9931879453,652570.7985807955,6877.80126953125,477663.1679077111,1643923.643788755
2022-03-29 00:00:00-04:00,1810.0213623046875,1740.5,25988.76953125,29183.47265625,534451.6515676118,663037.371733103,6870.76904296875,491508.100151293,1659836.5235522538
2022-03-30 00:00:00-04:00,1810.0213623046875,1740.5,25988.76953125,28797.662109375,529316.8526735231,654906.4324848279,6870.76904296875,486622.8167632744,1640204.7730060518
2022-03-31 00:00:00-04:00,1840.7169189453125,1736.2823486328125,26724.671875,29886.185546875,517144.1666380316,641446.3162213974,6610.56494140625,471306.76530496404,1610366.1626866758
2022-04-01 00:00:00-04:00,1836.5550537109375,1732.0648193359375,26850.642578125,30044.642578125,523214.7252461165,642854.7917168997,6610.56494140625,469497.64004713297,1620599.649310045
2022-04-04 00:00:00-04:00,1836.5550537109375,1732.0648193359375,26850.642578125,29899.97265625,531366.8051826507,655152.5166999474,6610.56494140625,470275.2331383899,1627600.6904675215
2022-04-05 00:00:00-04:00,1876.6160888671875,1750.34130859375,26572.189453125,30175.53515625,516306.1015892029,635099.70728302,6751.21630859375,457626.6161556244,1587530.219718933
2022-04-06 00:00:00-04:00,1843.318359375,1743.311767578125,26578.818359375,29886.185546875,505314.1969887838,628174.6462770961,6751.21630859375,447412.0806325078,1584194.2652558908
2022-04-07 00:00:00-04:00,1878.176513671875,1760.8853759765625,26651.74609375,30175.53515625,504854.90565237403,631787.2106906176,6751.21630859375,452744.1444784552,1598308.0559820533
2022-04-08 00:00:00-04:00,1857.36572265625,1746.8267822265625,26718.048828125,29314.3671875,496728.9548763074,626201.4836049639,6578.91943359375,449832.137548225,1599001.9844595343
2022-04-11 00:00:00-04:00,1834.994140625,1739.7972412109375,26844.0078125,30175.53515625,479800.19017381594,609851.3949303515,6578.91943359375,438437.4359762855,1570404.7435583547
2022-04-12 00:00:00-04:00,1862.568359375,1732.767578125,26751.1953125,29479.712890625,473853.32925356925,614523.5573171079,6515.62646484375,436972.9368304163,1558422.7383976579
2022-04-13 00:00:00-04:00,1888.5316162109375,1743.311767578125,26969.98046875,30106.646484375,482912.476136595,625826.897567533,6515.62646484375,446433.95943569206,1579843.505946502
2022-04-18 00:00:00-04:00,1881.1942138671875,1736.2823486328125,26844.0078125,29796.62890625,471222.77573338524,601850.6650828421,6691.43994140625,457585.2629014235,1549563.534718953
2022-04-19 00:00:00-04:00,1890.224609375,1764.4002685546875,26592.08203125,29624.38671875,480990.68171310425,611820.4804573059,6666.8251953125,477577.7556838989,1578379.790008545
2022-04-20 00:00:00-04:00,1918.445556640625,1799.5477294921875,27168.87109375,30657.802734375,475864.8704929352,613984.5338745117,6747.69921875,475623.54864501953,1584153.8256378174
2022-04-21 00:00:00-04:00,1870.47021484375,1796.7357177734375,26830.74609375,29624.38671875,465065.60761436075,612575.9167565405,6747.69921875,475403.2511310652,1565201.2260849923
2022-04-22 00:00:00-04:00,1893.6112060546875,1832.5865478515625,26253.95703125,29831.072265625,447847.2193358466,598310.5754481256,6775.830078125,455089.59723748267,1528515.5401816964
2022-04-25 00:00:00-04:00,1851.2802734375,1813.6064453125,25524.685546875,28246.515625,470470.7868039198,615090.8724251688,6745.72802734375,460653.5861714408,1570501.3296408355
2022-04-26 00:00:00-04:00,1832.090087890625,1786.8946533203125,25590.978515625,28177.619140625,463031.14446258545,604496.5022659302,6854.52978515625,442999.64898109436,1556624.9489135742
2022-04-27 00:00:00-04:00,1851.2802734375,1753.8563232421875,26021.916015625,28866.556640625,446803.5086911842,604651.5840221643,6789.24853515625,446415.1945850104,1564012.5419997275
2022-04-28 00:00:00-04:00,1873.85693359375,1750.34130859375,25935.73046875,28935.453125,465569.91694016755,635007.4862521291,6829.14208984375,470067.87308724225,1611048.9826206565
2022-04-29 00:00:00-04:00,1873.85693359375,1750.34130859375,25935.73046875,26744.625,449476.64373523183,613457.5250111632,6829.14208984375,462651.06839366443,1554903.2952306122
2022-05-03 00:00:00-04:00,1869.9058837890625,1750.34130859375,26386.5546875,28928.564453125,465438.7069293577,624956.9905051738,6890.796875,459040.4994375706,1583252.7827235982
2022-05-04 00:00:00-04:00,1933.120361328125,1764.4002685546875,26452.853515625,29004.33984375,487935.74911125004,654546.3634649813,6890.796875,473864.0331130922,1640851.83397758
2022-05-05 00:00:00-04:00,1871.0345458984375,1744.718017578125,25723.578125,28480.751953125,469992.3083664179,624759.0762763023,6890.796875,450755.1362711638,1599714.964344263
2022-05-06 00:00:00-04:00,1850.1514892578125,1722.2235107421875,25193.189453125,27419.783203125,469474.38274115324,631132.2333312035,6890.796875,437394.55493196845,1599758.285689652
2022-05-09 00:00:00-04:00,1746.863525390625,1680.0465087890625,24530.212890625,26971.9765625,452603.85736083984,605175.2398681641,6890.796875,421375.17626953125,1535592.5888671875
2022-05-10 00:00:00-04:00,1737.8328857421875,1637.86962890625,24463.91796875,27213.09765625,463538.7840542793,619410.3719268441,6818.2626953125,417883.5675216168,1549846.6239997745
2022-05-11 00:00:00-04:00,1738.397216796875,1637.166748046875,24729.109375,26937.529296875,459726.9898414612,586533.1358146667,6818.2626953125,411354.0870323181,1523412.539855957
2022-05-12 00:00:00-04:00,1721.4647216796875,1658.9580078125,24874.96484375,26889.296875,456657.4945201874,570758.7757530212,6709.46044921875,411277.9123210907,1521172.0632247925
2022-05-13 00:00:00-04:00,1750.8145751953125,1651.9285888671875,25484.904296875,26978.861328125,472912.79729269445,593087.9633881152,6713.08740234375,433763.1848283112,1569134.6414253116
2022-05-16 00:00:00-04:00,1749.685546875,1687.076171875,25571.095703125,26407.046875,466371.33754730225,586759.605922699,6745.72802734375,432190.48855781555,1562525.8514022827
2022-05-17 00:00:00-04:00,1741.2193603515625,1708.1644287109375,25418.6015625,26613.724609375,468455.38133239746,593842.280708313,6716.71337890625,439064.3171367645,1574121.125427246
2022-05-18 00:00:00-04:00,1632.2872314453125,1687.076171875,24662.810546875,25697.43359375,447544.76508772373,557205.8257324398,6713.08740234375,412010.5451668203,1502445.83264333
2022-05-19 00:00:00-04:00,1580.3612060546875,1623.810791015625,23065.03125,24112.875,445275.81166870147,548143.9694534205,6713.08740234375,404417.21219387837,1505879.8779987171
2022-05-20 00:00:00-04:00,1602.3734130859375,1651.9285888671875,24231.873046875,26524.166015625,437324.5857180096,546605.4211050645,6709.46044921875,408478.92907508835,1499800.5472378582
2022-05-23 00:00:00-04:00,1631.158447265625,1722.2857666015625,24649.55078125,27157.982421875,439006.83763313293,557514.3110656738,6890.796875,402897.6816520691,1498203.788848877
2022-05-24 00:00:00-04:00,1623.821044921875,1722.2857666015625,24669.439453125,28191.3984375,416367.3192216307,545607.0687675476,6745.72802734375,397058.7570914328,1484206.0729877949
2022-05-25 00:00:00-04:00,1645.268798828125,1722.2857666015625,25160.046875,28377.40625,417263.7751297094,548258.6408679374,6789.24853515625,401914.435421722,1502895.6806531176
2022-05-26 00:00:00-04:00,1665.0235595703125,1722.2857666015625,25418.6015625,28928.564453125,421165.5211525969,555783.3456502855,6752.9814453125,415636.56775837764,1518106.2858975679
2022-05-27 00:00:00-04:00,1692.6798095703125,1714.9569091796875,26320.2578125,30278.8828125,437089.32121276855,576125.6566047668,6876.29052734375,425156.65718078613,1549895.9784317017
2022-05-31 00:00:00-04:00,1760.97412109375,1613.8184814453125,28044.005859375,31222.728515625,443437.8511478007,573981.6364352219,7275.2314453125,436351.55741589144,1543572.7042602003
2022-06-01 00:00:00-04:00,1861.439697265625,1615.2843017578125,27964.443359375,29996.41796875,448980.287762247,579985.379187204,7253.47119140625,440669.9116283376,1548438.6380114034
2022-06-02 00:00:00-04:00,1835.4764404296875,1620.414306640625,28176.59765625,30196.208984375,450116.77654875815,572477.3363324106,7282.484375,444822.72368338704,1531432.2773626447
2022-06-03 00:00:00-04:00,1862.568359375,1606.489501953125,28010.857421875,29686.392578125,429103.43276786804,538826.1303520203,7347.76513671875,427841.9479236603,1474613.3628082275
2022-06-06 00:00:00-04:00,1845.071533203125,1598.4278564453125,27513.62109375,30313.330078125,437916.5870847292,541981.3599056788,7347.76513671875,425560.79273003526,1479971.6917812154
2022-06-07 00:00:00-04:00,1856.9241943359375,1553.7216796875,27182.1328125,29486.603515625,440522.0527240187,553235.7151535153,7122.90869140625,432003.4201412201,1498378.8029181361
2022-06-08 00:00:00-04:00,1834.3475341796875,1509.7484130859375,26452.853515625,29128.3515625,440301.16092704237,549960.6631868184,6937.94482421875,434212.49385505915,1480849.6093543768
2022-06-09 00:00:00-04:00,1792.0167236328125,1466.5079345703125,26253.95703125,29383.259765625,432444.74411433935,531420.9722830877,6890.796875,421711.67701826245,1449441.7410711944
2022-06-10 00:00:00-04:00,1777.9063720703125,1473.10400390625,25922.470703125,29968.85546875,424245.29340164736,517771.24500229955,6919.8115234375,413443.4051729925,1425617.3174855858
2022-06-13 00:00:00-04:00,1693.244140625,1473.10400390625,24729.109375,27695.361328125,416029.84830161557,510194.03363518417,6890.796875,407771.0748245381,1404514.763332948
2022-06-14 00:00:00-04:00,1676.3116455078125,1455.5146484375,24795.408203125,28866.556640625,422260.03247611225,519711.8996183574,6818.2626953125,413670.9845022857,1417444.4255399704
2022-06-15 00:00:00-04:00,1676.3116455078125,1393.21923828125,24662.810546875,28191.3984375,431632.3689317219,526877.674278684,6832.76953125,421206.215537332,1428726.376034975
2022-06-16 00:00:00-04:00,1588.827392578125,1393.21923828125,24304.8046875,27902.0390625,410664.54188415036,498345.6905776821,6854.52978515625,391733.9156304151,1360909.7148112804
2022-06-17 00:00:00-04:00,1557.7845458984375,1465.775146484375,24205.357421875,27282.0,414090.0324970968,503032.021872215,6963.33154296875,391712.0842439942,1360524.4793849364
2022-06-21 00:00:00-04:00,1372.092041015625,1341.184326171875,23416.41015625,26524.166015625,431902.56866747886,520482.417066291,6528.12353515625,397343.1229240447,1397730.6864119768
2022-06-22 00:00:00-04:00,1310.00634765625,1321.396240234375,23078.2890625,26041.904296875,440221.2088108063,528744.5176124573,6455.5888671875,391182.5981140137,1422915.7354354858
2022-06-23 00:00:00-04:00,1219.954833984375,1319.1976318359375,22740.171875,25490.75390625,447152.331407547,544967.9717025757,6750.74658203125,406256.48288726807,1449984.110862732
2022-06-24 00:00:00-04:00,1301.488037109375,1354.3763427734375,23350.73828125,26039.69921875,477227.40214303136,566924.9557319842,6750.74658203125,431265.03508156165,1518282.1699233726
2022-06-28 00:00:00-04:00,1301.488037109375,1354.3763427734375,23350.73828125,25617.431640625,458918.9917510599,557115.1295520067,6750.74658203125,397625.25094102323,1500984.603328526
2022-06-29 00:00:00-04:00,1301.488037109375,1354.3763427734375,23350.73828125,24667.337890625,454976.4766180068,561055.3252863288,6750.74658203125,397096.8116691336,1491113.4499084353
2022-06-30 00:00:00-04:00,1370.8521728515625,1464.3094482421875,21505.474609375,23604.634765625,443898.87247206643,551035.9446514249,6735.74462890625,393126.5693693161,1478927.9511338621
2022-07-01 00:00:00-04:00,1429.872314453125,1573.509521484375,22251.71875,23998.751953125,447520.59878507257,565682.1966764629,6750.74658203125,393192.0823753178,1509612.3726157844
2022-07-05 00:00:00-04:00,1322.175537109375,1465.775146484375,21715.77734375,24632.1484375,472175.8197306469,583847.1040215045,6750.74658203125,410638.5190279037,1532414.101093322
2022-07-06 00:00:00-04:00,1322.175537109375,1465.775146484375,21715.77734375,24632.1484375,483281.493705824,596427.4464477003,6750.74658203125,415136.51295371354,1556070.0777896047
2022-07-07 00:00:00-04:00,1387.2803955078125,1559.584716796875,21424.06640625,24829.205078125,509824.4769342318,621444.0206454694,6675.73828125,438216.8496687561,1606804.4701300263
2022-07-08 00:00:00-04:00,1399.4495849609375,1503.88525390625,22048.19921875,24977.0,518391.95033370703,631831.7546837255,6746.99609375,442630.9241985157,1624707.5534597188
2022-07-11 00:00:00-04:00,1393.3648681640625,1454.7818603515625,22088.900390625,24625.111328125,506955.54962158203,628125.0158309937,6746.99609375,434955.9708118439,1620696.5785980225
2022-07-12 00:00:00-04:00,1397.015625,1436.4595947265625,22305.99609375,24843.279296875,517608.60480836034,655085.0922102034,6683.2392578125,444759.24836242944,1663704.1597973406
2022-07-13 00:00:00-04:00,1379.3704833984375,1451.850341796875,21315.521484375,23667.9765625,508790.3673656881,657674.5251663923,6683.2392578125,453477.3588581979,1665953.7806349993
2022-07-14 00:00:00-04:00,1296.0118408203125,1414.47314453125,20250.423828125,23224.599609375,496212.3301754594,660401.5289640427,6458.21435546875,438194.26461580396,1635323.9689424038
2022-07-15 00:00:00-04:00,1276.5413818359375,1392.4864501953125,20358.966796875,23492.03125,497794.6332607269,661640.2148323059,6563.2255859375,440269.91690826416,1650758.9883499146
2022-07-18 00:00:00-04:00,1292.9696044921875,1414.47314453125,20304.6953125,24280.26171875,471176.6899394989,628788.8195762634,6563.2255859375,424128.05040740967,1588912.6733932495
2022-07-19 00:00:00-04:00,1338.6038818359375,1396.8837890625,21030.58984375,24632.1484375,487801.609547209,640298.7062490731,6750.74658203125,441898.1481943391,1618238.5557136238
2022-07-21 00:00:00-04:00,1296.620361328125,1413.739990234375,21369.7890625,24632.1484375,493783.78306770325,663732.1816902161,6889.51220703125,455152.7370109558,1657326.8388061523
2022-07-22 00:00:00-04:00,1253.420166015625,1319.1976318359375,21641.154296875,24864.396484375,470936.81816618517,665362.674069874,6398.20751953125,449699.0425454341,1660065.0766528994
2022-07-25 00:00:00-04:00,1324.6094970703125,1427.6650390625,21722.560546875,24294.33203125,475910.61452293396,669836.7362365723,6450.71337890625,456765.9239845276,1685421.4329071045
2022-07-26 00:00:00-04:00,1338.6038818359375,1379.2943115234375,21708.99609375,25110.712890625,465179.81151372194,664340.922877565,6450.71337890625,439988.1926748529,1666460.526611507
2022-07-27 00:00:00-04:00,1387.2803955078125,1341.9171142578125,21776.837890625,25258.5078125,498977.06708689034,684593.5848605186,6450.71337890625,449478.1815128289,1703353.068157643
2022-07-28 00:00:00-04:00,1383.021240234375,1429.130859375,22244.9375,26743.48046875,501607.8411751874,683646.6840178594,6450.71337890625,465379.92861776054,1716472.3952442259
2022-07-29 00:00:00-04:00,1387.2803955078125,1393.21923828125,21451.201171875,25328.884765625,504564.5964524299,697405.4361009002,6458.21435546875,470689.5049787909,1720629.3743860126
2022-08-01 00:00:00-04:00,1369.026611328125,1355.842041015625,20962.748046875,24484.35546875,488169.06799316406,679115.547328949,6458.21435546875,458695.15824890137,1680466.9077911377
2022-08-02 00:00:00-04:00,1399.4495849609375,1326.5264892578125,21546.177734375,24484.35546875,486157.0979985595,668464.1095066667,6630.7333984375,445645.77139520645,1658982.4227653146
2022-08-03 00:00:00-04:00,1396.4072265625,1370.4998779296875,21111.998046875,24547.697265625,504250.5984925553,701877.1734762937,6630.7333984375,460804.52250647545,1703905.3515375853
2022-08-04 00:00:00-04:00,1340.4293212890625,1341.9171142578125,21437.63671875,25828.568359375,505378.0134355463,701437.7757130936,6630.7333984375,462212.48281237483,1704487.686797306
2022-08-05 00:00:00-04:00,1369.026611328125,1443.7884521484375,21987.140625,26039.69921875,501475.59942626953,699314.8523139954,6416.95947265625,458995.69411468506,1698708.6216430664
2022-08-08 00:00:00-04:00,1408.5762939453125,1500.9537353515625,22862.28515625,26729.3984375,505298.74016634,703618.9381873235,6420.7099609375,463694.01120202616,1712654.7317875028
2022-08-09 00:00:00-04:00,1420.74560546875,1443.7884521484375,22523.08203125,26391.583984375,498611.4655749053,698507.4575288594,6375.70458984375,444482.9659140855,1692575.264524877
2022-08-10 00:00:00-04:00,1411.61865234375,1444.5213623046875,23065.80859375,26532.34375,514675.65938949585,720921.9235267639,6375.70458984375,459337.717250824,1737949.7041168213
2022-08-11 00:00:00-04:00,1423.7877197265625,1443.7884521484375,22889.421875,26806.8125,503356.7119962871,707022.2272774577,6563.2255859375,456326.072406441,1712636.594746828
2022-08-12 00:00:00-04:00,1428.6556396484375,1429.130859375,23398.2265625,28080.654296875,510638.0980014801,715518.1529045105,6540.72314453125,459928.6302089691,1724786.5242004395
2022-08-16 00:00:00-04:00,1428.6556396484375,1429.130859375,23398.2265625,27869.51953125,502112.255766049,707257.2886742055,6540.72314453125,459927.6869562417,1706731.6865674853
2022-08-17 00:00:00-04:00,1381.1959228515625,1458.4462890625,23676.376953125,27447.25,502449.96556058526,726789.8576747775,6338.20068359375,464466.0890903473,1725515.5021977425
2022-08-18 00:00:00-04:00,1413.444091796875,1458.4462890625,23533.908203125,27412.060546875,517596.2859227434,743129.212568596,6375.70458984375,471809.95196508616,1773556.4734467566
2022-08-19 00:00:00-04:00,1379.3704833984375,1480.432861328125,23052.240234375,26743.48046875,510905.95373785496,740690.5354618728,6375.70458984375,465742.34404447675,1771094.385309875
2022-08-22 00:00:00-04:00,1398.2325439453125,1457.7132568359375,22468.8125,25913.017578125,495731.3269081116,720394.2990989685,6154.4306640625,452103.23606300354,1726189.274772644
2022-08-23 00:00:00-04:00,1466.3797607421875,1399.815185546875,22190.6640625,25687.80859375,496715.79300140217,722764.3676581755,6446.962890625,455913.4133547619,1731547.053626418
2022-08-24 00:00:00-04:00,1496.802734375,1392.4864501953125,22455.240234375,25687.80859375,491898.02592359483,718110.2605728507,6375.70458984375,455148.81837920845,1722660.0911929607
2022-08-25 00:00:00-04:00,1496.802734375,1417.4044189453125,22726.60546875,26602.71875,507962.8681988865,733530.9630580842,6375.70458984375,465529.1136329472,1758213.339465797
2022-08-26 00:00:00-04:00,1471.2474365234375,1411.54150390625,22726.60546875,26708.287109375,480660.47196177766,706134.6457287669,6030.66650390625,445379.44159638137,1698750.3425402194
2022-08-29 00:00:00-04:00,1504.1041259765625,1413.739990234375,22149.9609375,26074.88671875,477431.9769402072,697605.9887111485,6038.16748046875,444459.56822856143,1691291.5276741683
2022-08-30 00:00:00-04:00,1450.559814453125,1393.9521484375,21736.130859375,26025.62109375,472768.2878820896,683215.7562779486,6300.69677734375,441975.2165249437,1662869.451518774
2022-08-31 00:00:00-04:00,1373.285888671875,1392.4864501953125,20745.658203125,24069.125,473544.1641988456,681563.6707264781,6218.18798828125,439820.06658801436,1664068.6701400876
2022-09-01 00:00:00-04:00,1344.6883544921875,1418.137451171875,21030.58984375,23857.994140625,481065.9565041661,686013.3053718209,6218.18798828125,440783.1168420464,1672794.5538990498
2022-09-02 00:00:00-04:00,1398.2325439453125,1371.9654541015625,21437.63671875,24069.125,479073.6119365692,685682.7792549133,6143.17919921875,444778.1934070587,1676941.2892532349
2022-09-06 00:00:00-04:00,1421.35400390625,1366.1025390625,21084.861328125,23928.373046875,472635.0238645077,677442.694573313,5850.64697265625,440600.877542004,1663860.5659296513
2022-09-07 00:00:00-04:00,1383.021240234375,1392.4864501953125,20643.8984375,23104.95703125,499342.92907714844,704923.6083984375,5850.64697265625,468656.79626464844,1746540.4602050781
2022-09-08 00:00:00-04:00,1362.9422607421875,1392.4864501953125,20860.9921875,23224.599609375,472807.0221135393,667569.667680189,5850.64697265625,449165.4880787805,1680579.4603794813
2022-09-09 00:00:00-04:00,1418.9200439453125,1414.47314453125,21356.224609375,23583.5234375,482430.1442871094,679752.1599121094,5850.64697265625,458153.17123413086,1706406.1114501953
2022-09-12 00:00:00-04:00,1459.078369140625,1426.93212890625,21335.873046875,23738.353515625,478425.3685951233,698742.0579338074,5850.64697265625,459251.41178131104,1707257.8469467163
2022-09-13 00:00:00-04:00,1453.60205078125,1429.130859375,21030.58984375,23921.3359375,451055.0528488159,658987.1580581665,5588.11767578125,432853.86096191406,1635851.8192749023
2022-09-14 00:00:00-04:00,1459.686767578125,1413.739990234375,21071.296875,23372.388671875,459332.3727321625,673105.1097106934,5696.8798828125,443244.80552101135,1661408.0301589966
2022-09-15 00:00:00-04:00,1402.4918212890625,1451.117431640625,20847.421875,23407.576171875,448148.1737384796,657368.8918838501,5625.6220703125,435049.3530292511,1634777.4716644287
2022-09-16 00:00:00-04:00,1399.4495849609375,1443.7884521484375,20691.384765625,23857.994140625,450278.2135258019,653953.4173895717,5636.873046875,431861.1410319507,1631849.163001299
2022-09-19 00:00:00-04:00,1387.2803955078125,1429.130859375,20962.748046875,23393.50390625,453209.9468190223,672953.5783281326,5828.14453125,446400.3902903944,1650928.4759745002
2022-09-20 00:00:00-04:00,1351.381591796875,1418.870361328125,21037.373046875,23294.974609375,441894.75069999695,679148.1754608154,5828.14453125,423743.15925598145,1621141.6795043945
2022-09-21 00:00:00-04:00,1326.434814453125,1407.8770751953125,20901.693359375,24069.125,435663.6085166931,668291.0329971313,5775.63916015625,414666.2045326233,1600452.8296051025
2022-09-22 00:00:00-04:00,1344.080078125,1404.212646484375,20827.068359375,24589.921875,437624.91631507874,661291.6889190674,5786.89013671875,407824.4032859802,1580378.0479431152
2022-09-23 00:00:00-04:00,1237.60009765625,1403.4796142578125,20216.501953125,23302.013671875,427305.43970345706,644949.164141655,5760.63671875,397583.878901463,1539010.7578653544
2022-09-26 00:00:00-04:00,1198.658935546875,1374.8970947265625,18995.369140625,21795.93359375,431986.35754439235,657282.305043608,5775.63916015625,400272.6578937024,1549470.9193614721
2022-09-27 00:00:00-04:00,1228.4732666015625,1370.4998779296875,19400.12109375,23275.947265625,439007.93319932744,676972.1042753309,5779.38916015625,410554.7688300647,1581403.4074166268
2022-09-28 00:00:00-04:00,1254.0283203125,1341.9171142578125,19721.12890625,22936.626953125,451720.1266668588,670233.0062520504,5779.38916015625,421979.7751740664,1616530.8097806573
2022-09-29 00:00:00-04:00,1265.589111328125,1370.4998779296875,19742.068359375,23016.04296875,433662.0400251001,628351.9156359136,5783.1396484375,401841.66443149745,1561030.251807034
2022-09-30 00:00:00-04:00,1261.938232421875,1371.2325439453125,19553.6484375,22452.9140625,429453.36876806617,614730.6312844455,5783.1396484375,353393.61501806974,1549769.9284407198
2022-10-03 00:00:00-04:00,1326.434814453125,1374.8970947265625,20370.126953125,23593.609375,450832.56558196247,645015.804576546,5850.64697265625,369608.7878137231,1619349.4851604104
2022-10-04 00:00:00-04:00,1397.624267578125,1421.802001953125,21228.478515625,24900.3515625,456480.517662853,650060.1225305423,5993.16259765625,376972.32958935946,1639954.279293269
2022-10-05 00:00:00-04:00,1414.660888671875,1425.46630859375,21451.7890625,24950.890625,452166.3443195522,646574.4431947768,5925.65478515625,384567.2108672112,1623999.719575882
2022-10-06 00:00:00-04:00,1443.25830078125,1425.46630859375,21354.087890625,25189.13671875,448841.84324226156,637630.9908828288,6150.6796875,377880.12516859174,1596288.8764659762
2022-10-07 00:00:00-04:00,1423.7877197265625,1399.815185546875,20809.771484375,25629.53125,451357.93718902767,634811.6591248512,6150.6796875,377512.5702351481,1603807.7172694802
2022-10-10 00:00:00-04:00,1373.8941650390625,1392.4864501953125,20474.8046875,24748.7421875,448238.2397366613,637203.7851282656,6150.6796875,376006.0172316134,1594121.9929727912
2022-10-11 00:00:00-04:00,1325.8262939453125,1399.815185546875,19888.6171875,24690.986328125,443776.10494814813,628760.225452818,6150.6796875,380489.318202734,1578396.654695198
2022-10-12 00:00:00-04:00,1316.091064453125,1399.815185546875,19930.486328125,24690.986328125,445630.36456409097,626031.9684737921,6101.92431640625,382840.2024040371,1573719.0468181372
2022-10-13 00:00:00-04:00,1344.6883544921875,1334.588134765625,20384.08203125,24344.4453125,452545.9578073025,647166.2047973871,6101.92431640625,387436.4684703648,1615842.0511357784
2022-10-14 00:00:00-04:00,1314.265869140625,1329.4580078125,20377.103515625,24546.595703125,438041.1507954821,621923.1560924649,6101.92431640625,376093.60653296113,1567784.2403241992
2022-10-18 00:00:00-04:00,1369.026611328125,1320.663330078125,21214.5234375,25629.53125,473060.7707235813,668558.4249082506,5693.1298828125,398660.71046841145,1683199.4915859103
2022-10-19 00:00:00-04:00,1407.968017578125,1304.539794921875,21165.673828125,24878.6953125,470386.90876881033,672900.5028610155,5693.1298828125,395980.57229127735,1681704.0438494682
2022-10-20 00:00:00-04:00,1407.968017578125,1304.539794921875,21165.673828125,24871.474609375,479715.97322781384,681677.6235788167,5693.1298828125,394553.97109514475,1694676.5236749053
2022-10-21 00:00:00-04:00,1431.6976318359375,1278.8887939453125,21319.197265625,25326.310546875,491700.66431999207,709382.9377174377,5850.64697265625,407461.120218277,1758549.0392303467
2022-10-24 00:00:00-04:00,1399.4495849609375,1245.9088134765625,20921.42578125,23665.8046875,499892.5664825365,721954.4141277298,5753.1357421875,406370.5135666579,1785288.0381965637
2022-10-25 00:00:00-04:00,1396.4072265625,1274.491455078125,20935.3828125,24907.572265625,516900.25147247314,746677.682384491,5753.1357421875,429694.51198768616,1840489.795211792
2022-10-26 00:00:00-04:00,1397.624267578125,1245.9088134765625,20935.3828125,24553.8125,468259.4501368478,729850.7806090117,5753.1357421875,431549.064638339,1821166.7245464325
2022-10-27 00:00:00-04:00,1411.61865234375,1209.264404296875,21074.94921875,25116.943359375,446556.7459487021,694649.6792857423,5925.65478515625,415158.6973477006,1778289.4891660362
2022-10-28 00:00:00-04:00,1466.3797607421875,1209.264404296875,21549.490234375,25196.357421875,458237.1755363345,734268.7537690401,5925.65478515625,422836.94077424705,1788664.07971251
2022-10-31 00:00:00-04:00,1490.7177734375,1207.065673828125,21807.693359375,25629.53125,453047.00832498074,728226.7237889171,5925.65478515625,420701.0943657011,1789070.4550813437
2022-11-01 00:00:00-04:00,1554.6058349609375,1235.6483154296875,22170.56640625,25918.31640625,442989.116645813,730808.0581207275,6053.169921875,434784.9399795532,1820213.5021362305
2022-11-02 00:00:00-04:00,1514.4476318359375,1267.8955078125,22184.52734375,26994.03125,431479.55514907837,712843.5234832764,6053.169921875,424229.246553421,1796999.3870697021
2022-11-03 00:00:00-04:00,1490.7177734375,1238.580078125,21493.66015625,25990.51171875,413836.4422859922,682483.220169358,6000.66357421875,424616.63614907116,1778605.9175501615
2022-11-04 00:00:00-04:00,1545.4791259765625,1249.5732421875,22184.52734375,26596.951171875,435114.1296004839,690119.9359737262,6000.66357421875,455856.25753898174,1827506.336022064
2022-11-08 00:00:00-05:00,1551.5635986328125,1281.0875244140625,22149.6328125,27073.451171875,450202.4772949219,701045.0115966797,6000.66357421875,449572.2911224365,1869605.8108520508
2022-11-09 00:00:00-05:00,1460.903564453125,1238.580078125,22261.2890625,28156.384765625,430617.8206100464,660023.0930480957,5996.9130859375,430090.63434410095,1783469.9617004395
2022-11-10 00:00:00-05:00,1581.3779296875,1278.8887939453125,22386.900390625,28661.759765625,456049.22012989223,707554.2943945229,5786.89013671875,457364.7899597883,1851848.494275868
2022-11-11 00:00:00-05:00,1451.1683349609375,1290.614990234375,22296.181640625,29239.3203125,459086.52580577135,707391.391679734,5786.89013671875,478375.4911682457,1833928.2288929224
2022-11-15 00:00:00-05:00,1526.6168212890625,1286.95068359375,22121.720703125,29600.30859375,468986.2879255824,709350.940417178,5813.142578125,481410.7426337153,1834886.7924661487
2022-11-16 00:00:00-05:00,1466.3797607421875,1269.361328125,22017.04296875,29759.13671875,474897.44061816856,709352.981493339,5629.37255859375,478723.5955479704,1836713.869498834
2022-11-17 00:00:00-05:00,1521.140625,1270.0941162109375,22121.720703125,30177.875,481799.2865114026,732628.8687454239,5629.37255859375,488703.6052147597,1866373.4273085594
2022-11-18 00:00:00-05:00,1502.2786865234375,1278.1558837890625,22191.505859375,29961.279296875,483076.5267133713,744387.3553588986,5629.37255859375,494957.98435918987,1898154.3678492308
2022-11-21 00:00:00-05:00,1449.343017578125,1267.8955078125,21633.23046875,29744.69921875,472856.66825316846,726487.5788240135,5629.37255859375,486313.8171288371,1886328.339408636
2022-11-22 00:00:00-05:00,1449.343017578125,1267.8955078125,21633.23046875,30105.681640625,476098.6385822296,731103.6909484863,5629.37255859375,492273.57647895813,1896663.1707000732
2022-11-23 00:00:00-05:00,1496.802734375,1289.149169921875,22114.7421875,30033.482421875,478988.4315545112,729304.733029753,5700.6298828125,491301.62570141256,1892086.1115601659
2022-11-25 00:00:00-05:00,1494.9771728515625,1377.0955810546875,22331.076171875,30250.068359375,473621.00391683355,714256.9217765182,5700.6298828125,487605.49217236787,1889939.9382787049
2022-11-28 00:00:00-05:00,1480.374267578125,1378.5615234375,21563.4453125,29513.673828125,463340.4375374466,690388.9290763512,5828.14453125,479455.9225852117,1846344.9241442233
2022-11-29 00:00:00-05:00,1507.7547607421875,1347.7801513671875,21577.40234375,29383.7109375,456314.23108130693,671553.6160567403,5693.0771484375,482307.22416222095,1831637.410824895
2022-11-30 00:00:00-05:00,1393.3648681640625,1319.1976318359375,22324.1015625,28878.349609375,481713.91699004173,700690.272521317,5835.64501953125,495450.2123183012,1879053.460021019
2022-12-01 00:00:00-05:00,1399.4495849609375,1363.1708984375,22065.89453125,27723.212890625,483612.9878284335,704783.1710097343,5835.64501953125,503842.4338507876,1885677.6949798465
2022-12-02 00:00:00-05:00,1403.7086181640625,1370.4998779296875,22079.849609375,28878.349609375,476723.54518550634,696192.1490652859,5816.84130859375,505831.4183239639,1866983.6287702918
2022-12-05 00:00:00-05:00,1362.333740234375,1324.327880859375,21291.283203125,28878.349609375,470812.3734680638,688653.1991259903,5646.31640625,492782.24480200186,1828103.228427887
2022-12-06 00:00:00-05:00,1369.026611328125,1347.7801513671875,22205.4609375,28993.857421875,463936.0637422353,678428.6155863404,5663.12646484375,490423.42086533457,1821413.3646969795
2022-12-07 00:00:00-05:00,1362.9422607421875,1326.5264892578125,21703.01171875,28300.775390625,454896.3376315385,670136.0819845498,5801.8916015625,493020.66813103855,1820793.84012115
2022-12-09 00:00:00-05:00,1335.5616455078125,1333.8553466796875,22296.181640625,28863.90234375,443826.24583654106,674477.7551005781,5653.08203125,496906.17562012374,1817599.2182747722
2022-12-12 00:00:00-05:00,1347.1224365234375,1327.9923095703125,21856.5390625,28878.349609375,442222.8892464675,679542.1427032575,5400.59716796875,504493.43978367746,1826985.8059395999
2022-12-13 00:00:00-05:00,1362.9422607421875,1341.184326171875,22128.697265625,29167.1328125,459446.7896108553,693553.6540747583,5475.60498046875,514986.45799313486,1866881.060469389
2022-12-14 00:00:00-05:00,1336.778564453125,1355.842041015625,22037.98046875,29167.1328125,449066.9501308948,671284.3393957913,5445.60205078125,500035.44465518,1824449.2577198744
2022-12-15 00:00:00-05:00,1328.2601318359375,1391.4000244140625,21758.83984375,29889.087890625,430442.45103912055,641712.6447044313,5550.6142578125,488275.9059764296,1784479.1811922789
2022-12-16 00:00:00-05:00,1305.747314453125,1337.2900390625,21933.302734375,30322.263671875,428883.720152542,634255.7034274042,5325.5888671875,478187.62710031867,1767974.3121830225
2022-12-19 00:00:00-05:00,1326.434814453125,1329.56005859375,21696.03515625,30625.490234375,417783.27639176697,620522.3333915249,5250.58056640625,462384.64795796573,1743045.1161800176
2022-12-20 00:00:00-05:00,1356.8575439453125,1312.5540771484375,22093.806640625,29744.69921875,421519.8481578827,621664.2307128906,5131.115234375,464200.2706775665,1749190.321105957
2022-12-21 00:00:00-05:00,1387.2803955078125,1333.4251708984375,22749.783203125,29672.5078125,423257.33604270965,635094.1038317978,5184.6103515625,519612.9985958338,1771452.0805688202
2022-12-22 00:00:00-05:00,1373.8941650390625,1314.0999755859375,22484.599609375,28748.396484375,414571.83894694224,619867.1855756119,5250.58056640625,523678.02239875495,1746975.436828941
2022-12-23 00:00:00-05:00,1373.8941650390625,1314.0999755859375,22791.65625,29672.5078125,421009.80155181885,617390.45495224,5235.78173828125,520987.5450210571,1753952.8369903564
2022-12-27 00:00:00-05:00,1460.2950439453125,1313.3271484375,23182.26171875,29738.732421875,409756.63356138766,605025.1101079732,5239.3291015625,523572.5684862137,1736306.6512632966
2022-12-28 00:00:00-05:00,1447.517578125,1314.0999755859375,23153.658203125,30496.740234375,406205.4015159607,590636.4916229248,5196.61962890625,515729.29923057556,1727447.699508667
2022-12-29 00:00:00-05:00,1472.4642333984375,1300.958984375,23990.279296875,31276.822265625,418600.686346516,608704.0329922289,5227.90576171875,527519.2831828147,1761216.8759361506
2023-01-03 00:00:00-05:00,1448.1260986328125,1325.6951904296875,23804.36328125,30467.30078125,428357.44636535645,596554.0672016144,5250.58056640625,542148.0042171478,1777195.9526062012
2023-01-04 00:00:00-05:00,1469.422119140625,1321.830078125,24455.0703125,30908.85546875,424582.5067498982,604449.4584831744,5175.572265625,554978.7242177874,1796218.3996949196
2023-01-05 00:00:00-05:00,1527.2255859375,1314.0999755859375,24741.09375,31460.798828125,421386.70220109075,606482.8531823829,5175.572265625,560074.6994542256,1800881.9663087726
2023-01-06 00:00:00-05:00,1609.9754638671875,1314.0999755859375,24812.599609375,30982.443359375,429952.3676132038,633205.6512595341,5175.572265625,582283.3463388123,1854902.6855063438
2023-01-10 00:00:00-05:00,1633.705322265625,1314.0999755859375,24669.587890625,31681.57421875,425215.56582915783,623877.7503415942,5175.572265625,574818.2289817035,1823820.4049602747
2023-01-11 00:00:00-05:00,1621.5361328125,1314.0999755859375,24633.8359375,32380.703125,434219.9860191345,628504.0621757507,5183.0732421875,576571.658744812,1821781.4333724976
2023-01-12 00:00:00-05:00,1639.1812744140625,1307.916015625,24633.8359375,32005.380859375,427579.3564605713,621168.3510513306,5246.830078125,569960.84806633,1808627.4580535889
2023-01-13 00:00:00-05:00,1651.350341796875,1312.5540771484375,24669.587890625,31998.03515625,428958.9482653141,622713.5678125918,5235.5791015625,569900.9048234671,1802029.9425294995
2023-01-17 00:00:00-05:00,1652.5675048828125,1329.56005859375,24648.138671875,31630.060546875,424471.1527523026,627245.825355202,5250.58056640625,565930.0853667408,1796063.504845351
2023-01-18 00:00:00-05:00,1705.5029296875,1300.958984375,24526.576171875,31630.060546875,426511.201744847,628045.4291766733,5246.830078125,562108.2950216532,1779559.519058019
2023-01-19 00:00:00-05:00,1682.990234375,1302.5050048828125,24526.576171875,31497.59765625,433909.71464359015,625965.0103504509,5239.50927734375,551582.0651547574,1760256.9376823008
2023-01-20 00:00:00-05:00,1672.6466064453125,1314.0999755859375,24733.939453125,32005.380859375,453753.2043887526,633344.9167226106,5254.72119140625,556750.2258240506,1779505.412399441
2023-01-23 00:00:00-05:00,1665.344970703125,1310.2349853515625,24648.138671875,31711.015625,459906.1025119275,645364.9722695947,5213.07666015625,561601.1732908934,1792670.126396656
2023-01-24 00:00:00-05:00,1624.5784912109375,1316.4190673828125,24590.931640625,30908.85546875,440382.29446029663,637539.6048736572,5438.1015625,543013.2985839844,1752112.912979126
2023-01-25 00:00:00-05:00,1620.927734375,1307.916015625,24455.0703125,30967.732421875,426406.4313688651,630407.0970799327,5438.1015625,539431.6323582456,1740996.4934743643
2023-01-26 00:00:00-05:00,1638.572998046875,1317.9649658203125,24812.599609375,30849.982421875,439517.8219974339,643858.167987138,5369.6337890625,545944.26502233,1771460.7860688865
2023-01-27 00:00:00-05:00,1586.2457275390625,1243.7569580078125,24876.958984375,30982.443359375,445381.91122749075,649063.6814653203,5308.705078125,542928.7168998979,1766051.43718417
2023-01-30 00:00:00-05:00,1575.902099609375,1216.7020263671875,24876.958984375,30835.263671875,431108.9871342331,631081.6984341294,5424.30712890625,533803.1400960162,1730040.3120710254
2023-01-31 00:00:00-05:00,1623.9698486328125,1213.6099853515625,25377.49609375,30901.494140625,450979.1115611717,653319.4186626598,5329.05419921875,551832.9223600365,1800745.9288295358
2023-02-01 00:00:00-05:00,1565.5582275390625,1213.6099853515625,24733.939453125,30761.673828125,464017.07442748547,666791.4813660979,5348.181640625,568320.5613074452,1842943.5473914146
2023-02-02 00:00:00-05:00,1536.3521728515625,1160.27294921875,24455.0703125,30908.85546875,492105.6194216274,683605.9857771322,5250.58056640625,559920.1842767671,1848338.0645679384
2023-02-03 00:00:00-05:00,1543.653564453125,1159.5001220703125,24876.958984375,30732.234375,476504.17412757874,697240.1003417969,5250.58056640625,551221.5841007233,1821354.1300430298
2023-02-06 00:00:00-05:00,1567.991943359375,1150.9969482421875,25062.87109375,30761.673828125,467771.9114732854,684472.2159657255,5250.58056640625,542888.7757965997,1809438.5082634687
2023-02-07 00:00:00-05:00,1588.0711669921875,1166.4571533203125,24633.8359375,30761.673828125,505958.6216923818,721367.8525517359,5251.32373046875,559563.6800407805,1895138.6966258585
2023-02-08 00:00:00-05:00,1571.0343017578125,1130.89892578125,24741.09375,30614.48828125,467722.42820509896,709599.658736065,5325.5888671875,549507.0024645552,1877021.5128858238
2023-02-09 00:00:00-05:00,1521.140625,1105.3900146484375,24004.580078125,30459.943359375,449344.1439551562,708073.4840809181,5438.1015625,548861.8820477277,1870019.3818107396
2023-02-10 00:00:00-05:00,1599.6317138671875,1089.929931640625,24054.634765625,29804.962890625,445443.61413888633,706924.751682356,5363.0927734375,546852.639045313,1866463.2630153
2023-02-13 00:00:00-05:00,1589.2877197265625,1104.6170654296875,24312.05859375,29437.0078125,440673.49688550085,712205.880326137,5363.0927734375,553686.33779376,1867395.6001443565
2023-02-14 00:00:00-05:00,1569.8172607421875,1066.739990234375,24369.26171875,28134.41796875,451964.11153877527,726829.567322433,5456.853515625,572213.5370439067,1912809.3683731854
2023-02-15 00:00:00-05:00,1578.9439697265625,1055.14501953125,23883.021484375,27965.15625,458805.70794677734,730649.8063354492,5363.0927734375,573087.5934448242,1902533.9830322266
2023-02-16 00:00:00-05:00,1594.1556396484375,1059.010009765625,23875.87109375,28995.44921875,456792.01540837064,730634.1060289368,5363.0927734375,565032.3215378448,1896656.2778332084
2023-02-17 00:00:00-05:00,1543.04541015625,1079.8809814453125,23361.02734375,28995.44921875,460705.61461440474,740324.1550742239,5460.60400390625,579013.1414617002,1931044.3008867204
2023-02-21 00:00:00-05:00,1574.6849365234375,1031.955078125,22846.185546875,28553.89453125,446956.263442114,718564.4951175153,5400.59716796875,560101.7600077391,1887492.1663358808
2023-02-22 00:00:00-05:00,1543.04541015625,1035.8199462890625,22245.533203125,28480.3046875,451539.466342926,729147.3048782349,5400.59716796875,561093.8146591187,1906521.2850952148
2023-02-23 00:00:00-05:00,1589.2877197265625,1042.777099609375,22667.41796875,27302.82421875,441208.2050578296,720785.6504737884,5400.59716796875,553117.0253960304,1888377.7495048046
2023-02-24 00:00:00-05:00,1594.1556396484375,1040.4580078125,22095.37109375,27229.228515625,430948.7644957155,705000.8981299922,5524.36083984375,542105.7446723469,1860559.0969371647
2023-02-27 00:00:00-05:00,1633.705322265625,1077.56201171875,22181.177734375,27582.474609375,428560.76030255854,701055.8450714573,5475.60498046875,536882.2095264755,1841420.947605744
2023-02-28 00:00:00-05:00,1641.615234375,1082.199951171875,22038.1640625,26419.712890625,426713.22375561297,694159.4765688479,5400.59716796875,534610.1825205088,1822607.5553224683
2023-03-01 00:00:00-05:00,1651.958740234375,1079.8809814453125,22238.3828125,26824.470703125,430889.59844970703,688673.5894775391,5454.87255859375,537098.9611206055,1827790.2229003906
2023-03-02 00:00:00-05:00,1633.705322265625,1105.3900146484375,21952.359375,26898.06640625,442225.7279037237,697058.8612076491,5435.9716796875,545968.8719823733,1856933.5108796656
2023-03-03 00:00:00-05:00,1658.04345703125,1159.5001220703125,22738.923828125,27332.259765625,447514.5126873404,717283.2905711532,5494.15478515625,550502.1506463438,1875640.4332405925
2023-03-06 00:00:00-05:00,1667.170166015625,1208.198974609375,22510.10546875,27891.560546875,451643.0591850355,725850.1779482514,5543.11279296875,543455.0515882671,1865605.3577168286
2023-03-07 00:00:00-05:00,1633.705322265625,1217.47509765625,22452.900390625,28465.583984375,440342.7874697596,706866.8617739379,5565.1201171875,534435.0134805888,1814471.0873847604
2023-03-08 00:00:00-05:00,1631.8798828125,1180.3709716796875,22696.021484375,28701.078125,444882.39682006836,717157.0879020691,5625.6220703125,538924.351852417,1828785.09425354
2023-03-09 00:00:00-05:00,1601.45703125,1133.9910888671875,21988.111328125,28038.744140625,434851.1461871676,704967.5200235322,5374.697265625,528856.4608663693,1791137.246421203
2023-03-10 00:00:00-05:00,1551.5635986328125,1082.199951171875,21659.18359375,26861.265625,426582.5112569332,694681.5134975016,5873.1494140625,526770.7166532576,1764684.4389182925
2023-03-13 00:00:00-04:00,1498.01953125,1066.739990234375,20372.07421875,25102.40625,422524.10132586956,693527.1746043861,5596.8642578125,516227.28477589786,1735056.3190323114
2023-03-14 00:00:00-04:00,1510.1885986328125,1097.6600341796875,20236.212890625,25095.044921875,443980.068025589,716520.3070449829,6000.66357421875,535563.4452629089,1797404.831123352
2023-03-15 00:00:00-04:00,1458.469970703125,1120.8499755859375,19163.62109375,23152.205078125,452098.7102373019,715246.7769020647,7200.7958984375,529494.640628431,1778516.245892778
2023-03-16 00:00:00-04:00,1442.0413818359375,1205.880126953125,19592.66015625,22821.037109375,482265.11026000977,744617.6385040283,7050.77978515625,552478.4936981201,1848842.9460449219
2023-03-17 00:00:00-04:00,1460.2950439453125,1252.260009765625,19542.60546875,23108.048828125,488741.3721809387,740900.1523704529,7125.7880859375,551543.769487381,1827759.100845337
2023-03-21 00:00:00-04:00,1494.368896484375,1236.8001708984375,20307.71875,23843.974609375,501072.5261133313,756017.2638835609,7118.28662109375,571421.0552533418,1856758.7347740233
2023-03-22 00:00:00-04:00,1465.162841796875,1174.9599609375,19878.681640625,24211.93359375,493306.2106204368,748582.6351940483,7125.7880859375,543224.8961501308,1824299.758125171
2023-03-23 00:00:00-04:00,1394.5819091796875,1194.284912109375,19299.482421875,24167.78125,499713.88671875,747466.0809707642,7200.7958984375,545286.6555309296,1813555.0662612915
2023-03-24 00:00:00-04:00,1397.624267578125,1158.72705078125,19528.302734375,25021.455078125,497231.19529151917,751067.8873023987,7125.7880859375,542232.9640083313,1819230.4990234375
2023-03-27 00:00:00-04:00,1423.1793212890625,1120.8499755859375,19921.583984375,24844.83203125,482961.81325626373,741502.505642876,7392.06787109375,528969.0629409477,1821572.1945222616
2023-03-28 00:00:00-04:00,1452.99365234375,1178.0521240234375,20522.720703125,24371.755859375,468468.6320400238,726527.7576789856,7463.32568359375,520622.7165412903,1788587.1703414917
2023-03-29 00:00:00-04:00,1449.343017578125,1155.635009765625,20751.65234375,24787.400390625,468456.5902665071,738256.6265422627,7598.33984375,530291.720712807,1807977.14405711
2023-03-30 00:00:00-04:00,1473.07275390625,1210.51806640625,21135.669921875,25467.541015625,463716.9034423828,741672.1980514526,7400.91064453125,525820.3507919312,1808547.600517273
2023-03-31 00:00:00-04:00,1490.7177734375,1186.5550537109375,21549.224609375,26442.412109375,477696.201089859,754737.8421020508,7253.77490234375,537983.8456478119,1837493.63671875
2023-04-03 00:00:00-04:00,1552.780517578125,1208.9720458984375,21948.009765625,26449.966796875,482487.42161796987,763541.5859392881,7347.60205078125,535827.6589848399,1851271.2030562162
2023-04-04 00:00:00-04:00,1530.8759765625,1210.51806640625,22073.552734375,26374.3984375,478250.4073721543,751783.646543324,7479.60205078125,538083.9393023588,1819352.7922421694
2023-04-05 00:00:00-04:00,1545.4791259765625,1240.6650390625,22014.474609375,26676.681640625,475550.36695057154,740868.0019524023,7500.82958984375,524228.801977057,1809124.63397035
2023-04-10 00:00:00-04:00,1532.7015380859375,1301.7320556640625,22228.638671875,27190.5703125,482361.1076203957,729778.3583798781,7485.82763671875,526255.3157577477,1809957.1186871678
2023-04-11 00:00:00-04:00,1569.8172607421875,1321.830078125,22494.49609375,27961.39453125,476196.8576812744,722380.7877731323,7313.30810546875,530890.3000068665,1805270.4237365723
2023-04-12 00:00:00-04:00,1569.8172607421875,1328.01416015625,22597.884765625,28701.994140625,468117.01383596286,711829.7376253679,7474.06689453125,526957.5954112969,1779993.8031056821
2023-04-13 00:00:00-04:00,1559.4732666015625,1307.14306640625,23498.84765625,28263.68359375,474064.81758117676,726098.7808456421,7463.32568359375,531437.2024936676,1778667.6621170044
2023-04-14 00:00:00-04:00,1557.648193359375,1325.6951904296875,23779.47265625,29601.2890625,477042.70703794435,719471.3700227514,7343.31201171875,525698.6979698464,1761828.6119499803
2023-04-17 00:00:00-04:00,1555.21435546875,1290.9100341796875,23853.32421875,29858.234375,463762.7313848622,718670.9264482632,7148.2900390625,526050.7306105457,1766154.3671477437
2023-04-18 00:00:00-04:00,1552.780517578125,1305.59716796875,24370.265625,29623.962890625,458803.3289241791,726397.6848144531,7493.328125,527829.6181678772,1772868.9291763306
2023-04-19 00:00:00-04:00,1548.5213623046875,1309.4620361328125,23927.169921875,29457.708984375,463663.0318480879,741477.5584900826,7605.84130859375,532769.6132623702,1797021.0395095646
2023-04-20 00:00:00-04:00,1533.3096923828125,1314.0999755859375,23698.23828125,29382.13671875,473288.8646621704,744513.6259002686,8100.89599609375,532872.9866638184,1804824.1634216309
2023-04-21 00:00:00-04:00,1531.764892578125,1290.9100341796875,23225.6015625,29208.322265625,473086.0002015084,736076.7807976305,8063.3916015625,536655.393859081,1802998.5285917222
2023-04-24 00:00:00-04:00,1574.6806640625,1311.008056640625,23188.677734375,29246.109375,474421.0732754655,735632.5962484553,8082.16845703125,541978.5735530071,1800791.624508515
2023-04-25 00:00:00-04:00,1475.64404296875,1329.56005859375,22464.95703125,28943.82421875,460842.0151824951,722284.08436203,7943.38427734375,526941.5217437744,1756616.2474441528
2023-04-26 00:00:00-04:00,1450.554931640625,1329.56005859375,22007.08984375,27961.39453125,462310.8719180189,725520.0366381034,8082.16845703125,525852.6676373407,1757411.36644274
2023-04-27 00:00:00-04:00,1444.61279296875,1422.320068359375,20825.501953125,26533.09375,495045.3376121521,770139.0728492737,8163.806640625,550932.1035118103,1849978.805770874
2023-04-28 00:00:00-04:00,1510.63720703125,1391.4000244140625,21490.14453125,27205.681640625,495545.1424064636,778539.2542610168,8204.625,557258.3301448822,1871529.6845245361
2023-05-02 00:00:00-04:00,1368.6846923828125,1337.2900390625,20552.2578125,26298.82421875,491625.2580986023,781905.9492340088,8245.4453125,565854.7906341553,1869818.1353302002
2023-05-03 00:00:00-04:00,1350.1978759765625,1398.357177734375,20308.5546875,26298.82421875,492278.55000673234,777217.2111188471,8101.83447265625,563809.6304693073,1857241.627260983
2023-05-04 00:00:00-04:00,1313.8846435546875,1368.98291015625,20345.4765625,26449.966796875,482818.05839538574,759914.4859313965,8245.4453125,543290.7279968262,1821274.21875
2023-05-05 00:00:00-04:00,1373.966796875,1368.2099609375,20788.578125,26449.966796875,482054.82223730534,787696.214869991,8074.0048828125,550611.1503707245,1836212.6432690024
2023-05-08 00:00:00-04:00,1360.1016845703125,1368.2099609375,20736.880859375,25936.08203125,483693.82602770627,773927.5638246685,8245.4453125,542444.7308414057,1805802.7405641377
2023-05-09 00:00:00-04:00,1377.92822265625,1338.0631103515625,20736.880859375,26147.681640625,479620.84110450745,762731.1742210388,8367.90234375,532405.9998378754,1790273.5437927246
2023-05-10 00:00:00-04:00,1372.646240234375,1351.97705078125,20552.2578125,25973.8671875,505319.7389087677,780003.5247802734,8367.90234375,531998.6839427948,1819569.8493347168
2023-05-11 00:00:00-04:00,1379.908935546875,1286.2720947265625,20530.103515625,25444.869140625,525814.5119934082,778930.6358642578,8103.8837890625,525143.200378418,1812365.7861328125
2023-05-12 00:00:00-04:00,1403.0174560546875,1360.47998046875,20552.2578125,25089.681640625,535474.0563354492,782631.459777832,8367.90234375,521787.6888999939,1828507.2423706055
2023-05-15 00:00:00-04:00,1379.2486572265625,1362.0260009765625,20589.185546875,24364.19921875,526587.3348427787,773999.646379374,8367.90234375,515896.3313030042,1819604.9711045623
2023-05-16 00:00:00-04:00,1362.74267578125,1337.2900390625,20197.78125,24190.3828125,534957.1353588104,766563.763835907,8362.611328125,496656.11164855957,1790088.9922027588
2023-05-17 00:00:00-04:00,1389.15234375,1314.0999755859375,19821.150390625,24107.255859375,543535.2176435627,773058.9147660807,8367.90234375,501208.3167700991,1820604.4280481637
2023-05-18 00:00:00-04:00,1395.0946044921875,1336.5169677734375,19946.697265625,24636.255859375,550100.805093348,780240.3875587732,7945.70263671875,507107.35896356776,1830306.0537315756
2023-05-19 00:00:00-04:00,1409.619873046875,1329.56005859375,19835.919921875,23827.64453125,550965.9666099548,782404.3732070923,7939.1630859375,490623.24657440186,1831572.012954712
2023-05-23 00:00:00-04:00,1400.37646484375,1352.7501220703125,19872.84375,23827.64453125,550243.3513247296,766567.8930575401,7955.44091796875,465205.3889615685,1812632.6427102685
2023-05-24 00:00:00-04:00,1396.4150390625,1314.0999755859375,19791.609375,23774.7421875,537162.1907272339,759857.0187263489,7868.8232421875,458307.69485092163,1780381.131111145
2023-05-25 00:00:00-04:00,1377.26806640625,1352.7501220703125,19643.912109375,22293.54296875,544155.1038227081,758709.5483970642,7660.76953125,451173.3380508423,1781444.8004989624
2023-05-26 00:00:00-04:00,1363.40283203125,1355.069091796875,19621.759765625,22263.31640625,554943.4377994537,777549.7260932922,7958.0703125,456073.01249313354,1823933.0272979736
2023-05-30 00:00:00-04:00,1331.0509033203125,1343.473876953125,19274.6640625,21152.419921875,544137.4085519426,776392.6916006655,7958.763671875,446442.04719678685,1802352.385712266
2023-05-31 00:00:00-04:00,1344.255615234375,1368.2099609375,19171.27734375,21008.83203125,535130.0566291809,768295.2066421509,8367.90234375,436683.2315540314,1773066.6231536865
2023-06-01 00:00:00-04:00,1362.74267578125,1414.590087890625,19843.3046875,21764.544921875,545212.7283096313,789849.0452461243,8201.6865234375,435012.01281547546,1812541.4486236572
2023-06-02 00:00:00-04:00,1397.0751953125,1422.320068359375,20810.73046875,23124.830078125,542722.1964435577,783975.8666648865,8028.14892578125,448405.2267894745,1816034.6401443481
2023-06-05 00:00:00-04:00,1379.908935546875,1452.4669189453125,20936.275390625,23729.400390625,543556.5044746399,770949.7565803528,7882.15478515625,433682.8596153259,1796385.9859771729
2023-06-06 00:00:00-04:00,1414.90185546875,1488.0250244140625,22435.4140625,25089.681640625,542219.5019340515,759632.0928726196,8057.6767578125,432228.260137558,1777431.198524475
2023-06-07 00:00:00-04:00,1432.7283935546875,1507.35009765625,22464.95703125,26449.966796875,512560.5833530426,740488.3432388306,8057.6767578125,428227.8120517731,1740432.9013824463
2023-06-08 00:00:00-04:00,1433.3885498046875,1530.5401611328125,22295.099609375,25580.89453125,510751.4721393585,751494.386920929,8302.5908203125,424417.2620010376,1749457.9745101929
2023-06-13 00:00:00-04:00,1408.9595947265625,1522.8099365234375,21467.98828125,25233.267578125,512537.4542236328,755117.0986061096,8000.52978515625,422383.09795188904,1762284.3350601196
2023-06-14 00:00:00-04:00,1414.90185546875,1507.35009765625,21490.14453125,24862.966796875,512733.7571697235,759024.4797897339,7751.5341796875,447182.2054786682,1767299.0448226929
2023-06-15 00:00:00-04:00,1421.5042724609375,1521.2640380859375,21475.375,24492.669921875,518062.7454471588,766698.3095932007,8367.90234375,444919.70797920227,1787212.207069397
2023-06-16 00:00:00-04:00,1452.5357666015625,1421.5469970703125,21408.91015625,24364.19921875,507987.74909973145,756820.8912467957,7955.62939453125,446414.0132904053,1768259.7203063965
2023-06-20 00:00:00-04:00,1408.9595947265625,1452.4669189453125,20987.96875,23774.7421875,508661.32513046265,760841.6989517212,8163.806640625,432573.8304233551,1768380.7563400269
2023-06-21 00:00:00-04:00,1442.632080078125,1437.780029296875,21054.43359375,23502.685546875,495954.4329467118,753228.0369588733,8286.263671875,432419.4339655936,1751383.6114527285
2023-06-22 00:00:00-04:00,1418.2030029296875,1459.424072265625,20589.185546875,23412.001953125,507188.47009658813,766487.339515686,8247.4853515625,434767.3075866699,1759577.141342163
2023-06-23 00:00:00-04:00,1412.921142578125,1418.455078125,20500.564453125,23457.341796875,499332.7088985443,758311.6720275879,8082.16845703125,427200.60740089417,1730519.641708374
2023-06-26 00:00:00-04:00,1442.632080078125,1441.64501953125,20677.8046875,23336.427734375,491457.25648498535,765751.3302955627,7731.12451171875,443485.87888526917,1753356.3734207153
2023-06-27 00:00:00-04:00,1412.921142578125,1453.2401123046875,20818.1171875,23674.07421875,488473.5632348247,772629.2099235207,7727.66259765625,448208.04563753307,1762151.600152105
2023-06-28 00:00:00-04:00,1419.5235595703125,1471.7919921875,21046.88671875,23277.30078125,496416.80303764343,777998.2539138794,7730.52001953125,446195.13922691345,1763802.7640304565
2023-06-29 00:00:00-04:00,1421.5042724609375,1510.3292236328125,21146.01953125,23705.193359375,490178.016741693,776579.5143342018,7730.70068359375,445920.19397152215,1764441.682765603
2023-06-30 00:00:00-04:00,1412.921142578125,1496.39013671875,21344.2890625,24117.5234375,494802.1445701644,797995.4957942665,7690.3056640625,436018.9295030199,1793892.7705129534
2023-07-05 00:00:00-04:00,1410.9403076171875,1508.6893310546875,20696.103515625,24117.5234375,501873.0463258736,784939.9523538351,7731.12451171875,421921.174277883,1788369.9011082947
2023-07-06 00:00:00-04:00,1406.3187255859375,1492.29052734375,20696.103515625,23658.513671875,491741.4143383764,781551.1056936607,7743.66455078125,411222.87226223946,1761642.7026708275
2023-07-07 00:00:00-04:00,1426.1260986328125,1508.6893310546875,21146.01953125,23650.736328125,495125.1114463806,786417.660358429,8327.08203125,413701.10116767883,1778558.2838058472
2023-07-10 00:00:00-04:00,1424.145263671875,1496.39013671875,21191.7734375,24016.38671875,482032.86578134075,777016.6069261655,7894.28662109375,418463.5196038522,1781298.4218595624
2023-07-11 00:00:00-04:00,1461.779296875,1531.6475830078125,21580.685546875,24164.203125,483104.5345211029,771981.6251144409,8327.08203125,423269.15960502625,1786668.8614501953
2023-07-12 00:00:00-04:00,1476.3046875,1548.866455078125,21702.693359375,25673.49609375,493848.48722457886,784256.9937705994,8197.849609375,427638.5074710846,1812418.2400131226
2023-07-13 00:00:00-04:00,1476.3046875,1541.4869384765625,22411.884765625,25759.072265625,511077.6655134782,778202.5662015751,8327.08203125,422936.1319906935,1806422.2396975905
2023-07-14 00:00:00-04:00,1430.7476806640625,1505.4095458984375,22305.125,26218.08203125,509664.7086238861,771212.6586227417,7763.7802734375,419234.7762680054,1787008.0602035522
2023-07-17 00:00:00-04:00,1430.0875244140625,1483.271240234375,22343.251953125,25906.888671875,501590.5939903259,776899.5471076965,8327.08203125,418064.6774082184,1776144.3928222656
2023-07-18 00:00:00-04:00,1443.2921142578125,1502.94970703125,22572.01953125,26062.48828125,492608.4337234497,767444.2273292542,8327.08203125,417372.8560638428,1769632.8385162354
2023-07-19 00:00:00-04:00,1439.9910888671875,1493.9302978515625,22709.28515625,26140.283203125,484545.9822337646,770999.5149275735,8327.08203125,416969.24697469734,1768594.5777175426
2023-07-21 00:00:00-04:00,1447.253662109375,1499.669921875,22381.376953125,26140.283203125,473436.6109485626,753532.7854156494,8134.96337890625,411140.78446769714,1746000.6123962402
2023-07-24 00:00:00-04:00,1465.080322265625,1499.669921875,22419.509765625,25751.296875,478707.15811111033,755630.0857531652,8327.08203125,409460.89714381844,1751211.4601697028
2023-07-25 00:00:00-04:00,1480.9261474609375,1481.6312255859375,22404.2578125,25961.34765625,478606.34495164454,754658.3883414567,8327.08203125,405337.79910868406,1745790.6379961371
2023-07-26 00:00:00-04:00,1468.3814697265625,1463.592529296875,22328.0,25673.49609375,509379.7510070801,762767.0771026611,8030.6708984375,411605.2491760254,1756718.911529541
2023-07-27 00:00:00-04:00,1451.87548828125,1467.6923828125,22457.63671875,26140.283203125,506611.536432758,752872.314560838,8327.08203125,402858.4238675907,1734133.5680704564
2023-07-28 00:00:00-04:00,1456.497314453125,1453.75341796875,22389.00390625,25906.888671875,519956.9646682739,764358.5281906128,8327.08203125,407114.1602592468,1753545.396156311
2023-07-31 00:00:00-04:00,1456.497314453125,1453.75341796875,22389.00390625,25969.12890625,516825.66492138803,761356.6213430166,8327.08203125,410822.57379024476,1744785.8752018213
2023-08-01 00:00:00-04:00,1511.9576416015625,1443.093994140625,22877.05078125,26295.8828125,509624.9332401082,754187.4051719159,7673.978515625,405036.38376449794,1730950.125364855
2023-08-02 00:00:00-04:00,1492.869873046875,1444.6929931640625,22427.04296875,25440.099609375,505335.41206633113,754435.2523156367,7805.61962890625,404434.4060439393,1734195.665337555
2023-08-03 00:00:00-04:00,1538.3673095703125,1438.994384765625,22846.546875,26054.70703125,514878.9989760183,762639.6026306972,7673.978515625,416176.7027720958,1760910.5936641172
2023-08-04 00:00:00-04:00,1538.3673095703125,1438.994384765625,22846.546875,26023.58984375,522922.45441177115,739316.3804830164,7673.978515625,424463.16231571883,1784819.6028704196
2023-08-08 00:00:00-04:00,1561.47607421875,1438.174560546875,22732.1640625,25556.794921875,524823.2665720582,714719.9992363974,7665.81396484375,418698.83104263246,1754506.78588745
2023-08-09 00:00:00-04:00,1507.9962158203125,1443.093994140625,22419.509765625,25362.30078125,520750.3082169108,712254.6591445059,7665.81396484375,421024.6335973665,1752325.7019509748
2023-08-10 00:00:00-04:00,1498.7529296875,1436.5345458984375,21649.31640625,24662.115234375,521160.14744989574,711770.4621330462,7684.41943359375,418723.7997436244,1754081.9161521643
2023-08-11 00:00:00-04:00,1518.5601806640625,1443.093994140625,21306.158203125,24195.322265625,512323.9203387052,700641.0186220556,7718.28271484375,408484.9722482413,1725032.2484223545
2023-08-14 00:00:00-04:00,1502.053955078125,1443.093994140625,21451.046875,24817.7109375,516208.69775046036,702981.086097464,7665.81396484375,404344.9622902889,1723872.3476766497
2023-08-15 00:00:00-04:00,1495.4515380859375,1441.4542236328125,20993.5078125,23961.927734375,519788.0169906616,708286.534488678,7665.81396484375,407839.12623786926,1736668.5882720947
2023-08-16 00:00:00-04:00,1523.1817626953125,1457.8531494140625,21565.43359375,24156.42578125,522668.11772210523,714626.0469424613,7665.81396484375,413462.6024822965,1747777.8383928686
2023-08-17 00:00:00-04:00,1516.579345703125,1459.492919921875,21428.169921875,24070.84765625,531204.7198867798,709005.7117462158,7665.81396484375,410486.6021347046,1746108.6025238037
2023-08-18 00:00:00-04:00,1538.3673095703125,1450.4735107421875,21222.27734375,23767.431640625,517796.59375,706431.875,6977.65380859375,406916.0625,1735201.0
2023-08-22 00:00:00-04:00,1534.40576171875,1434.8946533203125,21329.03515625,22569.3359375,519936.67738714814,711448.05809585,7665.81396484375,390573.88798356056,1727172.3709667176
2023-08-23 00:00:00-04:00,1525.16259765625,1410.2965087890625,21146.01953125,22678.251953125,539745.094909668,736003.8968849182,7583.26123046875,384816.1617279053,1767705.134010315
2023-08-24 00:00:00-04:00,1521.2010498046875,1410.2965087890625,21214.6484375,22717.15234375,526732.2473222092,713421.2614459544,7665.81396484375,378688.6592540704,1735883.045449555
2023-08-25 00:00:00-04:00,1525.16259765625,1441.4542236328125,21107.892578125,22328.16015625,525598.8456840515,720331.4790039062,7300.75341796875,382262.5383358002,1743186.2008666992
2023-08-28 00:00:00-04:00,1548.27099609375,1422.595703125,21428.169921875,22016.96484375,535382.0808882266,733845.505806081,7289.5361328125,389104.71700451896,1770941.5108481348
2023-08-29 00:00:00-04:00,1577.9820556640625,1393.897705078125,21443.419921875,22538.21484375,550141.2577735707,750138.396739535,6939.2353515625,397614.8721018508,1797215.1437455714
2023-08-30 00:00:00-04:00,1610.994140625,1386.518310546875,21336.6640625,22950.546875,553673.3374007642,762010.7628563195,6914.744140625,397594.85775196925,1799171.2278393507
2023-08-31 00:00:00-04:00,1556.1939697265625,1325.0228271484375,20741.85546875,22639.35546875,553285.687950477,760746.3012108207,7347.42578125,394955.7700257562,1790917.510027662
2023-09-01 00:00:00-04:00,1574.6806640625,1337.3218994140625,20955.37890625,22328.16015625,549870.6028526835,765315.8558418117,7520.90673828125,397841.52878896147,1790343.439725563
2023-09-05 00:00:00-04:00,1595.1483154296875,1325.8427734375,19750.51953125,21192.302734375,545944.1633833945,760197.1591002345,7225.87548828125,386814.83195744455,1768484.4770826101
2023-09-06 00:00:00-04:00,1598.4495849609375,1336.501953125,19750.51953125,21161.18359375,544733.2248840332,738486.7866859436,7347.42578125,389173.19125938416,1769367.5275802612
2023-09-07 00:00:00-04:00,1574.6806640625,1376.6790771484375,19140.466796875,22561.552734375,545250.89762903,713323.8042776473,7253.599609375,378541.9346991498,1755707.302429296
2023-09-08 00:00:00-04:00,1603.7315673828125,1367.65966796875,19582.755859375,22016.96484375,544704.355067797,709224.3483772688,7347.42578125,374061.01607100107,1741682.3765874654
2023-09-11 00:00:00-04:00,1581.9434814453125,1345.521240234375,19468.369140625,22016.96484375,545238.3907471299,711802.6424030364,7245.37841796875,369590.7984832674,1748262.0279676914
2023-09-12 00:00:00-04:00,1619.577392578125,1361.1002197265625,20436.830078125,23339.5390625,535009.4557266235,694547.954536438,7388.24462890625,365033.57211112976,1726099.537399292
2023-09-13 00:00:00-04:00,1590.5264892578125,1385.6982421875,20383.451171875,23339.5390625,539995.5874343514,685768.2518521547,6738.7890625,364099.3134729862,1726341.9959671497
2023-09-14 00:00:00-04:00,1621.5582275390625,1385.6982421875,20657.978515625,23339.5390625,542358.9263420105,687825.4807929993,7388.24462890625,366004.0138092041,1731779.2854232788
2023-09-15 00:00:00-04:00,1591.8470458984375,1344.7012939453125,21199.3984375,23339.5390625,533852.1478271484,677659.7136688232,7129.61572265625,358633.8965034485,1691208.349685669
2023-09-18 00:00:00-04:00,1612.3145751953125,1344.7012939453125,21008.755859375,24599.875,538472.9487075806,691012.2380905151,6731.4091796875,356816.0816268921,1698770.4417648315
2023-09-19 00:00:00-04:00,1643.3460693359375,1336.501953125,21107.892578125,24755.470703125,533320.0042158961,689477.8793199733,7388.24462890625,350539.4962149337,1680824.123209402
2023-09-20 00:00:00-04:00,1659.19189453125,1328.302490234375,20825.740234375,25595.693359375,520195.3991661072,680255.6508750916,7037.85400390625,350742.98826026917,1676152.5749588013
2023-09-21 00:00:00-04:00,1629.4808349609375,1320.1031494140625,20314.8203125,24895.509765625,505354.52365875244,671543.7173843384,6702.48486328125,340255.0518512726,1642179.4891357422
2023-09-22 00:00:00-04:00,1672.300537109375,1315.1834716796875,20810.490234375,24366.48046875,509204.3783721924,680997.3986854553,6702.48486328125,340573.190574646,1653144.7847747803
2023-09-25 00:00:00-04:00,1696.7032470703125,1352.900634765625,20940.125,24895.509765625,518098.26413834095,693427.1491481513,7347.42578125,343301.36963736266,1677911.5006487668
2023-09-26 00:00:00-04:00,1655.792724609375,1311.90380859375,21195.416015625,25602.78515625,512465.4381940812,683072.7653296888,7147.41259765625,344634.05710303783,1667689.507206738
2023-09-27 00:00:00-04:00,1686.655029296875,1393.897705078125,20974.794921875,24802.69921875,526457.082233429,684983.2534980774,7347.42578125,345800.1393508911,1687801.0020446777
2023-09-28 00:00:00-04:00,1674.4537353515625,1410.2965087890625,21092.986328125,24962.716796875,538358.8759584725,692152.4730823785,7347.42578125,349706.46978282183,1712817.923853904
2023-09-29 00:00:00-04:00,1697.4208984375,1432.434814453125,21337.244140625,24650.685546875,528396.5766334534,688964.3880462646,7203.775390625,370231.1605453491,1696037.7982711792
2023-10-02 00:00:00-04:00,1666.5587158203125,1393.897705078125,21392.400390625,24802.69921875,542383.4401800632,699987.3771176934,6964.7880859375,366546.8889788687,1697390.0335835218
2023-10-03 00:00:00-04:00,1704.5982666015625,1320.1031494140625,20959.03515625,25202.744140625,546425.7560348511,708918.762840271,7347.42578125,376227.62800598145,1709423.5927505493
2023-10-04 00:00:00-04:00,1659.381591796875,1352.900634765625,20903.880859375,24522.669921875,565464.4861907959,723626.643081665,6959.64501953125,384454.22640037537,1744497.239982605
2023-10-05 00:00:00-04:00,1665.8409423828125,1329.9425048828125,20880.244140625,23602.568359375,574064.2154998779,740850.5186309814,6902.8251953125,390384.6664619446,1772425.1975631714
2023-10-06 00:00:00-04:00,1693.1146240234375,1333.22216796875,21321.48828125,24002.611328125,593191.9339637756,762655.415107727,7343.34375,401490.2551765442,1819197.6928329468
2023-10-09 00:00:00-04:00,1779.9593505859375,1339.7816162109375,21431.794921875,25114.736328125,593724.7053871155,765120.1781921387,6959.64501953125,398466.19571495056,1821697.200515747
2023-10-10 00:00:00-04:00,1782.1124267578125,1352.900634765625,21392.400390625,24962.716796875,590879.7761993408,760880.1877593994,6659.17626953125,400627.9588108063,1827198.3744354248
2023-10-11 00:00:00-04:00,1799.3377685546875,1343.0615234375,21471.193359375,24162.6328125,589519.1859591454,751573.3209691793,6959.64501953125,396766.825128451,1798284.1550379992
2023-10-12 00:00:00-04:00,1823.0230712890625,1345.521240234375,21274.212890625,24162.6328125,580991.3884773254,752914.0413818359,6940.1904296875,397878.3454017639,1781665.9487838745
2023-10-13 00:00:00-04:00,1855.3204345703125,1352.900634765625,20888.12109375,24386.654296875,581208.4701919556,754180.1184463501,6959.64501953125,405370.10972976685,1793744.3437957764
2023-10-17 00:00:00-04:00,1870.392822265625,1338.9619140625,20903.880859375,24250.638671875,587452.8267822266,742283.8389167786,6959.64501953125,415302.83279037476,1801474.2553710938
2023-10-18 00:00:00-04:00,1898.3841552734375,1352.900634765625,21258.453125,25434.76953125,574234.8567649648,729404.7469644472,6939.2353515625,414170.64933461323,1760036.2944380194
2023-10-19 00:00:00-04:00,1879.7230224609375,1340.6016845703125,21321.48828125,24682.689453125,580399.4595298767,736763.4002113342,6959.64501953125,416346.09948539734,1765487.93724823
2023-10-20 00:00:00-04:00,1848.143310546875,1369.299560546875,21045.7109375,23922.603515625,572618.3240776062,727553.1013069153,6959.64501953125,415738.4016609192,1747668.6426086426
2023-10-23 00:00:00-04:00,1812.2569580078125,1369.299560546875,21061.46875,23794.58984375,573237.30834198,724039.7576942444,6959.64501953125,414007.57986831665,1734983.0329666138
2023-10-24 00:00:00-04:00,1808.668212890625,1352.900634765625,20959.03515625,23626.572265625,579847.4045073986,722032.6656873226,6959.64501953125,421305.6866518855,1738776.7939715087
2023-10-25 00:00:00-04:00,1824.4583740234375,1361.919921875,20699.01953125,23698.580078125,524951.6459967941,712622.6723942161,6718.8125,414929.5079366863,1714855.0422737002
2023-10-26 00:00:00-04:00,1776.37060546875,1383.238525390625,20628.10546875,22810.482421875,507577.280166626,690385.3293876648,6718.8125,398111.46483802795,1682708.576965332
2023-10-27 00:00:00-04:00,1772.7822265625,1379.1387939453125,20722.65625,23386.544921875,501274.2539291382,687864.6258544922,6531.04541015625,385495.6035461426,1655683.8847961426
2023-10-30 00:00:00-04:00,1718.9527587890625,1393.897705078125,20746.296875,23482.556640625,503921.81103821844,687126.8878629059,7347.42578125,395232.13463656604,1653209.2350429296
2023-10-31 00:00:00-04:00,1739.0489501953125,1365.1998291015625,20801.451171875,23482.556640625,499635.36071777344,685294.8068237305,7347.42578125,396815.7182312012,1653973.599243164
2023-11-01 00:00:00-04:00,1779.9593505859375,1409.4765625,20565.072265625,22450.443359375,515794.2067012787,707206.86693573,7347.42578125,394578.8766860962,1693776.1182632446
2023-11-02 00:00:00-04:00,1779.9593505859375,1434.8946533203125,20959.03515625,23194.52734375,518519.0509223938,719735.2496147156,7347.42578125,409807.4087924957,1721375.2865066528
2023-11-03 00:00:00-04:00,1765.6048583984375,1432.434814453125,21250.57421875,24002.611328125,518174.7010025978,706607.1250742972,7347.42578125,412048.43130116165,1714011.626420617
2023-11-07 00:00:00-05:00,1679.4776611328125,1416.8560791015625,21195.416015625,24682.689453125,516630.48904037476,714766.7355194092,7755.61572265625,413654.5732383728,1693030.7744522095
2023-11-08 00:00:00-05:00,1675.88916015625,1406.19677734375,21384.51953125,24626.681640625,524420.5527448654,724998.3915342689,7755.61572265625,417235.480806008,1708619.3478372693
2023-11-09 00:00:00-05:00,1686.655029296875,1422.595703125,21289.96875,24642.68359375,528121.3944320679,737144.2725219727,7755.61572265625,416048.73204803467,1728687.2476043701
2023-11-10 00:00:00-05:00,1686.655029296875,1418.4959716796875,21494.83203125,24562.67578125,532883.4888153076,747573.2223129272,7755.61572265625,408929.99908447266,1740170.0543060303
2023-11-14 00:00:00-05:00,1701.009521484375,1418.4959716796875,21620.8984375,24402.65625,533179.8925056458,746364.3811454773,7649.48681640625,404626.0477924347,1759564.483100891
2023-11-15 00:00:00-05:00,1718.9527587890625,1418.4959716796875,21841.5234375,24562.67578125,528758.5774803162,736911.181098938,7649.48681640625,406086.3046989441,1735507.4107284546
2023-11-16 00:00:00-05:00,1718.9527587890625,1397.9974365234375,21857.28125,24146.630859375,547168.5822601318,756482.8661499023,7918.892578125,412331.28799438477,1767824.5733642578
2023-11-17 00:00:00-05:00,1779.9593505859375,1459.492919921875,21888.798828125,24162.6328125,548304.4121773876,767047.8973912522,8163.806640625,411722.703390209,1794605.9237950072
2023-11-20 00:00:00-05:00,1794.3138427734375,1475.8917236328125,21683.93359375,24002.611328125,543391.244133003,761934.6500223503,8359.7373046875,406595.1612809673,1780454.0230002254
2023-11-21 00:00:00-05:00,1826.611328125,1500.4898681640625,21746.970703125,24002.611328125,549730.2553790957,763527.0458837003,8359.7373046875,410061.2920423765,1787633.950258568
2023-11-22 00:00:00-05:00,1805.0797119140625,1500.4898681640625,22314.283203125,24162.6328125,559209.7813104428,770868.3840298243,8653.634765625,417858.5989688188,1805334.0100980923
2023-11-24 00:00:00-05:00,1848.143310546875,1516.888671875,22203.970703125,23714.580078125,551057.5595490187,764243.1074830741,8490.359375,416107.0124312807,1803783.5237269178
2023-11-27 00:00:00-05:00,1808.668212890625,1488.19091796875,22046.388671875,24162.6328125,542353.346881941,753001.2597227246,8767.927734375,411594.98485960066,1775630.242809087
2023-11-28 00:00:00-05:00,1823.0230712890625,1479.991455078125,21904.556640625,24162.6328125,545492.0508956909,755418.3409309387,8767.927734375,414605.10332107544,1777139.3830490112
2023-11-29 00:00:00-05:00,1819.434326171875,1529.187744140625,21983.3515625,24178.6328125,529298.9725500792,740963.5335124992,8767.927734375,414974.5935507752,1751809.708307512
2023-11-30 00:00:00-05:00,1808.668212890625,1557.8857421875,21904.556640625,25378.76171875,524308.8915846124,749891.8279499933,9061.8251953125,418313.1248652935,1773889.648757279
2023-12-01 00:00:00-05:00,1826.611328125,1574.284423828125,22125.177734375,25122.734375,525023.1635163724,759854.596658349,9176.119140625,434725.924346745,1795886.2804502249
2023-12-04 00:00:00-05:00,1826.611328125,1557.8857421875,22203.970703125,26098.83984375,509396.62243842334,744892.0301322676,9176.119140625,436569.08277317695,1768556.6898466945
2023-12-05 00:00:00-05:00,1805.0797119140625,1537.38720703125,22077.90234375,25442.771484375,522101.030254364,769314.6180152893,9225.1015625,442578.79433631897,1788473.0152130127
2023-12-06 00:00:00-05:00,1762.01611328125,1520.9884033203125,21983.3515625,24418.65625,517170.852684021,763369.1421127319,9306.7392578125,444349.0619239807,1777409.3435058594
2023-12-07 00:00:00-05:00,1769.1934814453125,1563.6737060546875,21983.3515625,25586.78515625,543243.7575907633,769109.5170294866,9306.7392578125,438234.6296204813,1786420.801647976
2023-12-11 00:00:00-05:00,1801.4912109375,1550.6068115234375,21873.041015625,24722.69140625,521936.9752550125,754864.4373106956,9306.7392578125,446861.1620333791,1777742.8012561798
2023-12-12 00:00:00-05:00,1765.6048583984375,1546.2510986328125,22219.73046875,24994.72265625,521298.97537231445,764328.3780670166,9453.6884765625,452806.4507198334,1794735.750541687
2023-12-13 00:00:00-05:00,1794.3138427734375,1559.318115234375,22613.6953125,24898.7109375,524242.33808834106,781178.9354869165,9453.6884765625,461012.50252900645,1828904.2810209095
2023-12-14 00:00:00-05:00,1833.7886962890625,1589.8074951171875,23039.185546875,25522.779296875,519279.02125167847,778067.0378036499,9453.6884765625,458260.3352737427,1825937.1708755493
2023-12-15 00:00:00-05:00,1839.74755859375,1568.0294189453125,22613.6953125,25442.771484375,521383.47191619873,775212.9194641113,9453.6884765625,459832.3348617554,1821134.839691162
2023-12-18 00:00:00-05:00,1820.2999267578125,1568.0294189453125,22534.90625,26002.830078125,531487.9706040919,765054.1478595436,9453.6884765625,456154.51850255206,1822751.3586815596
2023-12-19 00:00:00-05:00,1843.6370849609375,1607.2301025390625,22739.767578125,25586.78515625,533005.0026092529,766552.479927063,9453.6884765625,460240.2162723541,1827075.5019760132
2023-12-20 00:00:00-05:00,1816.410400390625,1633.3638916015625,22755.52734375,25442.771484375,540763.1224822998,759978.796005249,9453.6884765625,456684.3453025818,1804786.1534500122
2023-12-21 00:00:00-05:00,1831.9683837890625,1585.451904296875,23212.52734375,25842.814453125,548702.8798665553,759129.5943595916,9453.6884765625,460661.1190041229,1822463.5330559611
2023-12-22 00:00:00-05:00,1828.0789794921875,1611.5855712890625,23007.666015625,26487.734375,553567.3766441345,755851.5033760071,9453.6884765625,406686.9855747223,1828212.974822998
2023-12-26 00:00:00-05:00,1835.8580322265625,1689.9871826171875,23937.203125,26569.994140625,554573.4213110805,754913.667371422,9388.3779296875,407264.07817432284,1839035.6965770125
2023-12-27 00:00:00-05:00,1804.74169921875,1698.6983642578125,24002.203125,26899.033203125,537108.2333679199,737511.0708618164,9388.3779296875,394393.22758483887,1799131.1110839844
2023-12-28 00:00:00-05:00,1820.2999267578125,1655.1419677734375,24310.966796875,27310.333984375,533060.7484779358,734315.3303184509,9388.3779296875,397992.89217185974,1788177.3024520874
2024-01-02 00:00:00-05:00,1831.9683837890625,1716.1209716796875,24782.234375,27869.703125,532128.507609792,713445.1616142616,9388.3779296875,394808.9896975979,1796118.888160117
2024-01-03 00:00:00-05:00,1882.5323486328125,1746.6103515625,24619.728515625,27820.34765625,535621.910377197,708903.6493222788,9388.3779296875,385944.2919156365,1783458.0802022517
2024-01-04 00:00:00-05:00,1870.8638916015625,1855.501220703125,26212.29296875,29613.611328125,527121.1189079285,701569.5357246399,9388.3779296875,380394.5916252136,1782207.2958526611
2024-01-05 00:00:00-05:00,1901.9801025390625,1933.9027099609375,26976.072265625,30353.955078125,528659.8988503814,704201.7537019998,9388.3779296875,382535.77390331775,1798243.6554014087
2024-01-09 00:00:00-05:00,1863.0848388671875,1977.459228515625,26407.30078125,29514.90625,542787.4294967651,711461.3269958496,9388.3779296875,380658.11874961853,1800688.8242797852
2024-01-10 00:00:00-05:00,1824.189453125,1994.8818359375,26049.78515625,28379.71484375,555741.0023918152,725723.5186157227,9388.3779296875,389970.0087490082,1836669.6146850586
2024-01-11 00:00:00-05:00,1831.9683837890625,1994.8818359375,25416.009765625,28363.2578125,554466.5907020569,722741.9958839417,9388.3779296875,397620.84895324707,1834040.9145050049
2024-01-12 00:00:00-05:00,1847.526611328125,2012.30419921875,25334.75390625,28791.013671875,554141.5705431327,720711.3662060425,9388.3779296875,392660.42805080116,1827205.4552908838
2024-01-16 00:00:00-05:00,1816.410400390625,1994.8818359375,24944.740234375,28791.013671875,552495.4348307475,710516.7277906835,9388.3779296875,379473.53471400216,1817502.424883619
2024-01-17 00:00:00-05:00,1800.8524169921875,1916.480224609375,25204.75,28791.013671875,554029.3955808431,713913.7783040032,9388.3779296875,379879.5984393209,1825381.864151448
2024-01-18 00:00:00-05:00,1789.1837158203125,1872.923828125,25513.513671875,27968.412109375,563015.2650399581,738628.268040102,9388.3779296875,381085.8955472335,1844685.6971087605
2024-01-19 00:00:00-05:00,1773.62548828125,1951.325439453125,25399.759765625,27672.275390625,569017.354728885,743078.8497298174,9388.3779296875,380659.7989753671,1850282.871351406
2024-01-22 00:00:00-05:00,1773.62548828125,1951.325439453125,25399.759765625,27129.361328125,560340.1311655343,742626.2175570428,9388.3779296875,371351.0487058759,1830892.200319171
2024-01-23 00:00:00-05:00,1785.294189453125,1872.923828125,24944.740234375,26816.7734375,568842.6129873917,753491.4125932083,8478.8720703125,379281.57845939696,1851138.409388706
2024-01-24 00:00:00-05:00,1785.294189453125,1872.923828125,24944.740234375,27622.921875,583429.2439216375,761523.1979278475,8478.8720703125,380361.1497698799,1878836.631379366
2024-01-25 00:00:00-05:00,1785.294189453125,1872.923828125,24944.740234375,26833.224609375,589543.53317108,752163.6799349636,8478.8720703125,376362.17782802135,1869268.009478271
2024-01-26 00:00:00-05:00,1785.294189453125,1872.923828125,24944.740234375,27277.427734375,594335.9327316284,749863.6980056763,8478.8720703125,386063.32540512085,1878545.3453063965
2024-01-29 00:00:00-05:00,1863.0848388671875,1885.99072265625,25286.00390625,27228.072265625,592736.7041461766,738756.7121351361,8816.9111328125,385911.59957808256,1871979.5201708376
2024-01-30 00:00:00-05:00,1859.1953125,1960.03662109375,25188.501953125,27145.8125,589867.2709106505,730790.4773727953,8506.6865234375,390365.5888130516,1886716.8220017254
2024-01-31 00:00:00-05:00,1816.410400390625,1981.814697265625,24928.490234375,26948.388671875,544587.3261219636,715280.8594232574,8506.6865234375,379712.25174034946,1852206.7814584076
2024-02-01 00:00:00-05:00,1824.189453125,1960.03662109375,25351.009765625,27540.66015625,548150.4954212271,724087.0590399541,8229.1171875,380185.9320690613,1874885.0366903394
2024-02-02 00:00:00-05:00,1804.74169921875,1929.5472412109375,25659.771484375,27968.412109375,548555.5494379029,714530.091360636,8229.1171875,373314.65721508116,1879376.355644703
2024-02-05 00:00:00-05:00,1804.74169921875,1916.480224609375,25432.26171875,27935.509765625,552482.9462257922,720156.4096417129,8229.1171875,368774.9212103188,1869437.0020727813
2024-02-06 00:00:00-05:00,1831.9683837890625,1925.19140625,25562.265625,27951.962890625,566331.3316618055,742409.5393229648,8229.1171875,387995.9188321866,1915882.8058570921
2024-02-07 00:00:00-05:00,1839.74755859375,1942.614013671875,25643.51953125,27951.962890625,570183.4735781625,740493.919812534,8229.1171875,391217.8300249744,1925334.6405086145
2024-02-08 00:00:00-05:00,1820.2999267578125,1903.413330078125,25188.501953125,27178.716796875,572120.7813432664,736860.7267763913,8229.1171875,391476.1164363995,1928247.8544872105
2024-02-09 00:00:00-05:00,1800.8524169921875,1868.568115234375,25025.994140625,26816.7734375,582986.6173553467,738294.2051696777,8229.1171875,393386.43562316895,1935264.8487854004
2024-02-12 00:00:00-05:00,1796.962646484375,1851.1456298828125,25074.74609375,27096.455078125,569553.384773612,721911.5131313503,8098.49609375,398105.8699890971,1908487.1230178773
2024-02-13 00:00:00-05:00,1769.736083984375,1833.72314453125,24717.234375,27129.361328125,563121.8755654097,717333.3928835988,8098.49609375,391954.21846683323,1892250.8685965538
2024-02-14 00:00:00-05:00,1769.736083984375,1820.6561279296875,25090.998046875,26899.033203125,567875.7957380936,715963.5279753357,8098.49609375,398075.7651360892,1914693.9370747358
2024-02-15 00:00:00-05:00,1785.294189453125,1833.72314453125,25172.251953125,27524.20703125,554109.3601361811,712993.8888203949,8098.49609375,396004.32668260485,1922338.0011169016
2024-02-16 00:00:00-05:00,1793.0731201171875,1838.0787353515625,25188.501953125,27968.412109375,544564.2413185537,705929.8010108471,8098.49609375,385943.8222856596,1910339.9417121112
2024-02-20 00:00:00-05:00,1773.62548828125,1829.367431640625,24960.994140625,26487.734375,548144.8755426705,704639.6821121871,8098.49609375,386045.02595504746,1904082.8534546494
2024-02-21 00:00:00-05:00,1812.5208740234375,1872.923828125,25594.767578125,26537.08984375,553775.7693038061,707686.842576798,8098.49609375,393461.37954352424,1906062.042539522
2024-02-22 00:00:00-05:00,1820.2999267578125,1899.0577392578125,26033.53515625,27392.59375,560695.8167250305,716842.551374618,8098.49609375,393409.01300021634,1949150.7303780466
2024-02-23 00:00:00-05:00,1812.5208740234375,1899.0577392578125,26569.8046875,27935.509765625,560679.665196687,710270.0246851891,8098.49609375,395813.895159401,1951963.9321491122
2024-02-26 00:00:00-05:00,1824.189453125,1916.480224609375,26569.8046875,27557.11328125,529262.497685641,696385.5437059551,8098.49609375,386955.15314861387,1920919.7637058347
2024-02-27 00:00:00-05:00,1835.8580322265625,1925.19140625,26066.03515625,27540.66015625,545416.6950699091,716639.7716847807,8098.49609375,397309.3679099232,1964349.0569135249
2024-02-28 00:00:00-05:00,1789.1837158203125,1942.614013671875,26228.54296875,27540.66015625,531574.4581965506,706543.2485539764,8098.49609375,391324.1919898838,1947140.8070535362
2024-02-29 00:00:00-05:00,1781.404541015625,1929.5472412109375,26066.03515625,27096.455078125,538752.1065941155,702721.1645172089,8098.49609375,389077.7350191884,1950550.1039036661
2024-03-01 00:00:00-05:00,1742.50927734375,1955.680908203125,26212.29296875,27145.8125,534015.7886457592,699006.9398166686,8098.49609375,383052.7218319103,1970902.8232548237
2024-03-04 00:00:00-05:00,1649.16064453125,2012.30419921875,26082.287109375,27310.333984375,511445.39047387615,671015.4218848683,7347.42578125,368623.8951090891,1938952.382335037
2024-03-05 00:00:00-05:00,1629.7130126953125,2038.43798828125,26293.544921875,27474.853515625,518909.97345932946,664836.3044734709,7347.42578125,371275.79377783276,1957360.8355260417
2024-03-06 00:00:00-05:00,1621.933837890625,2029.726806640625,26553.5546875,27754.537109375,513860.49097269773,660822.7118331715,7347.42578125,368648.83385599405,1967648.2079517692
2024-03-07 00:00:00-05:00,1625.823486328125,2038.43798828125,26732.3125,27606.46484375,522708.7124235928,656828.4109658562,7576.01220703125,368784.0038065333,1976587.216318585
2024-03-08 00:00:00-05:00,1598.5966796875,2021.015380859375,25919.78125,26981.294921875,525651.6159791872,662212.3186767846,7576.01220703125,371675.0737590715,1960625.1774711907
2024-03-11 00:00:00-04:00,1602.4862060546875,2021.015380859375,26001.033203125,26816.7734375,527853.2454501092,661807.8812691271,7576.01220703125,374212.88433001935,1935574.3913594484
2024-03-12 00:00:00-04:00,1614.1549072265625,2003.5927734375,25919.78125,26471.28125,536718.1060752869,670748.4785003662,7576.01220703125,374849.739988327,1976686.3364181519
2024-03-13 00:00:00-04:00,1618.0443115234375,1986.17041015625,25903.529296875,26158.6953125,540867.3032590747,661577.791059956,7576.01220703125,378670.061416544,1970431.2701379359
2024-03-14 00:00:00-04:00,1649.16064453125,1916.480224609375,25611.015625,26076.43359375,553692.5377845764,668829.3570709229,7576.01220703125,374573.0099964142,1966202.8550720215
2024-03-15 00:00:00-04:00,1719.172119140625,1811.9449462890625,25513.513671875,26323.212890625,545416.4934193008,666325.3162688874,7576.01220703125,371679.34813013487,1947181.1892874762
2024-03-18 00:00:00-04:00,1633.6025390625,1933.9027099609375,26309.794921875,27047.1015625,563647.1118248366,662484.1987871677,7576.01220703125,363880.1552206706,1937266.4457598478
2024-03-19 00:00:00-04:00,1649.16064453125,1933.9027099609375,26066.03515625,27080.005859375,566949.1821811795,678403.8942727894,7510.70166015625,372172.3384186104,1968552.7791299522
2024-03-20 00:00:00-04:00,1653.0501708984375,1916.480224609375,26504.802734375,27803.89453125,571485.0565293431,685912.6450938024,7527.02978515625,371987.00466363877,1979714.2696945593
2024-03-21 00:00:00-04:00,1653.0501708984375,1942.614013671875,27309.90234375,29277.0390625,567826.7430649772,658725.2751840837,7527.02978515625,374503.42252855,1988354.7336815894
2024-03-22 00:00:00-04:00,1645.27099609375,1986.17041015625,27543.75,29648.701171875,581366.2378054559,663757.9775626808,8114.8232421875,349458.0498838313,1990303.987175703
2024-03-26 00:00:00-04:00,1675.5057373046875,2021.015380859375,27443.53125,28888.478515625,589688.1490127593,663656.2847378254,8114.8232421875,349858.5381713882,2009569.0156655014
2024-03-27 00:00:00-04:00,1742.6939697265625,2064.572021484375,27460.232421875,28956.0546875,576911.1323318481,662170.4177780151,8114.8232421875,347547.15141677856,1980524.2741394043
2024-04-01 00:00:00-04:00,1839.2769775390625,2081.994384765625,27727.486328125,29564.232421875,595186.6501306258,650304.0075120702,8114.8232421875,342100.5518413987,1979385.4773166627
2024-04-02 00:00:00-04:00,1885.4688720703125,2151.6845703125,27944.630859375,29564.232421875,591873.6534793898,646022.0514800772,8041.349609375,336290.22438561916,1967270.782407537
2024-04-03 00:00:00-04:00,1923.2620849609375,2173.462890625,28261.9921875,30189.306640625,588518.2397918701,643941.4944076538,8041.349609375,331332.5512561798,1953743.5704345703
2024-04-04 00:00:00-04:00,1948.457763671875,2230.086181640625,29214.08203125,30949.529296875,569058.3952471055,637672.7279517241,8041.349609375,325120.9027050715,1920325.1851345599
2024-04-05 00:00:00-04:00,1923.2620849609375,2230.086181640625,28562.650390625,30459.60546875,569947.4675064087,633256.608959198,7935.2197265625,320592.42459106445,1918289.1403579712
2024-04-08 00:00:00-04:00,1931.6607666015625,2247.508544921875,28813.203125,30510.287109375,579511.9958246537,629886.6847946383,8163.806640625,325217.1958305929,1921396.44928848
2024-04-09 00:00:00-04:00,1914.8636474609375,2256.2197265625,28896.71875,30662.33203125,585752.2561473772,634113.9974707738,8408.720703125,328657.25523121655,1922778.3295221627
2024-04-10 00:00:00-04:00,1885.4688720703125,2247.508544921875,28612.76171875,30239.982421875,583086.9620170593,626036.1833305359,8408.720703125,320914.079914093,1901052.0654754639
2024-04-11 00:00:00-04:00,1898.066650390625,2273.642333984375,28679.57421875,30662.33203125,601148.1640014648,659543.3580703735,8245.4453125,334991.2731876373,1934111.2128677368
2024-04-12 00:00:00-04:00,1881.26953125,2230.086181640625,27861.11328125,29361.50390625,597941.4846878052,668732.1955490112,8245.4453125,336753.34182167053,1917095.7492294312
2024-04-15 00:00:00-04:00,1881.26953125,2221.374755859375,27577.154296875,29226.35546875,585656.2410000563,652545.5549400076,8245.4453125,339963.9456383325,1888810.0800540894
2024-04-16 00:00:00-04:00,1881.26953125,2142.973388671875,27543.75,29124.990234375,594812.0538482666,651980.6914329529,8245.4453125,347386.1704673767,1920372.4650650024
2024-04-17 00:00:00-04:00,1872.87109375,2055.860595703125,27142.873046875,28922.263671875,604677.9950408936,652870.3315200806,8245.4453125,356162.95529556274,1927523.6407928467
2024-04-18 00:00:00-04:00,1868.6717529296875,2003.5927734375,26374.51953125,28297.193359375,601965.9531146362,643991.3664396033,8016.85791015625,356691.4539553188,1907827.3934430033
2024-04-19 00:00:00-04:00,1881.26953125,2007.94873046875,26574.958984375,28466.130859375,600097.6290009767,642053.9934528172,8016.85791015625,355464.93146487325,1908914.2233884186
2024-04-22 00:00:00-04:00,1898.066650390625,2055.860595703125,26708.5859375,28483.025390625,606451.9987367541,643016.9310541451,8016.85791015625,352920.9793620482,1919641.6629788876
2024-04-23 00:00:00-04:00,1910.66455078125,2042.793701171875,26441.333984375,29141.888671875,613700.6573236287,646668.7190532908,8016.85791015625,352034.6136912145,1941395.9270271957
2024-04-24 00:00:00-04:00,1931.6607666015625,2029.726806640625,26240.890625,27959.31640625,616024.724031955,653769.0177614428,8016.85791015625,353753.34379240125,1937330.925740026
2024-04-25 00:00:00-04:00,1935.85986328125,2142.973388671875,25990.341796875,27807.2734375,609214.7512435913,662908.9107513428,8278.099609375,354222.4831581116,1946083.7802886963
2024-04-26 00:00:00-04:00,1931.6607666015625,2134.26220703125,26641.7734375,28635.072265625,674659.7917868942,663712.1304804198,8278.099609375,356569.5681101307,1974366.2676484883
2024-04-29 00:00:00-04:00,1940.0592041015625,2186.529541015625,27059.353515625,29057.416015625,653135.6872109324,681463.6094433814,8278.099609375,357016.0358242225,1985147.9744685441
2024-04-30 00:00:00-04:00,1914.8636474609375,2121.195068359375,26808.8046875,29226.35546875,630810.1845566593,659521.415069703,8278.099609375,345215.9252997674,1925869.237307325
2024-05-02 00:00:00-04:00,1893.867431640625,2247.508544921875,27259.794921875,29310.82421875,646515.6692581177,670831.6019973755,8278.099609375,346218.75322914124,1939873.1877975464
2024-05-03 00:00:00-04:00,1780.4873046875,2012.30419921875,26808.8046875,29530.4453125,646184.6451454163,707959.5914154053,7347.42578125,343788.58361434937,1955977.8699111938
2024-05-06 00:00:00-04:00,1889.66796875,2221.374755859375,27727.486328125,29226.35546875,647930.2262672186,699808.9605043381,8261.7724609375,347457.0177027732,1971543.9464155138
2024-05-07 00:00:00-04:00,1906.465087890625,2221.374755859375,27760.892578125,29192.568359375,661168.939792633,703634.0452575684,8523.013671875,349600.2352695465,1977369.5725479126
2024-05-08 00:00:00-04:00,1914.8636474609375,2177.818359375,27827.70703125,29310.82421875,653025.2582702637,703949.561920166,8261.7724609375,348398.9925956726,1974386.0923461914
2024-05-09 00:00:00-04:00,1914.8636474609375,2195.240966796875,27827.70703125,29209.4609375,656778.4655570984,712645.2066993713,8261.7724609375,348459.38512802124,1989807.1937942505
2024-05-10 00:00:00-04:00,1902.265869140625,2203.9521484375,27894.517578125,29310.82421875,650463.2907295413,706374.3626283705,8408.720703125,338665.59752375074,1988755.8738834113
2024-05-14 00:00:00-04:00,1948.457763671875,2225.730224609375,28044.849609375,29310.82421875,656675.6872967556,722939.773785051,8408.720703125,345394.2267581653,1997590.9793433845
2024-05-15 00:00:00-04:00,1919.06298828125,2195.240966796875,28395.619140625,29885.21484375,659018.579788208,725145.8323783875,8408.720703125,338135.1152229309,2004039.617843628
2024-05-16 00:00:00-04:00,1931.6607666015625,2247.508544921875,28779.79296875,30071.05078125,660312.5195763931,720058.3356184512,8408.720703125,335916.6996441856,1984054.2088543177
2024-05-17 00:00:00-04:00,1948.457763671875,2264.93115234375,29147.267578125,30746.80078125,668150.2921811342,720938.9907432497,8408.720703125,337776.7552548498,1989531.6382820606
2024-05-20 00:00:00-04:00,1965.2547607421875,2238.79736328125,29882.212890625,31422.556640625,667736.0512129962,721407.9989865422,8408.720703125,334432.34099820256,1980938.2365494967
2024-05-21 00:00:00-04:00,1965.2547607421875,2260.575439453125,29731.8828125,31371.87109375,674685.6768681705,730076.9209961891,8408.720703125,339992.16861099005,1995947.7561975718
2024-05-22 00:00:00-04:00,1906.465087890625,2221.374755859375,28896.71875,30003.47265625,668433.9835648686,723842.1530424505,8425.048828125,338478.13608971983,1988258.656169951
2024-05-23 00:00:00-04:00,1906.465087890625,2221.374755859375,28896.71875,30256.87890625,658886.3241040781,709867.9042914882,8425.048828125,335051.6930956319,1977268.2378133535
2024-05-24 00:00:00-04:00,1935.85986328125,2234.441650390625,28729.685546875,29986.578125,670688.1374579519,728524.2337564006,8539.3408203125,339541.68585312366,2009375.6778348684
2024-05-28 00:00:00-04:00,1998.8489990234375,2247.508544921875,28763.091796875,30121.728515625,676764.0979716405,729286.7177438289,8539.3408203125,340805.2177852448,2012921.6911975443
2024-05-29 00:00:00-04:00,1994.649658203125,2212.66357421875,28395.619140625,29158.78125,673127.3672692105,728578.180872798,8539.3408203125,338718.0141239427,1993432.051256001
2024-05-30 00:00:00-04:00,1973.6533203125,2225.730224609375,28495.837890625,29564.232421875,660179.0514755249,734136.2549972534,8539.3408203125,346110.3269958496,1985176.6082763672
2024-05-31 00:00:00-04:00,1982.0518798828125,2217.01904296875,28462.431640625,30324.455078125,661204.5538673401,737295.9474906921,8539.3408203125,351786.0145339966,2001287.0968322754
2024-06-04 00:00:00-04:00,1990.450439453125,2221.374755859375,28596.05859375,29868.32421875,664682.2981385216,743708.3861903474,8539.3408203125,351233.78882793523,2001063.0434627384
2024-06-05 00:00:00-04:00,1973.6533203125,2221.374755859375,29047.046875,29986.578125,682798.887881808,762842.9477593191,8588.32421875,355889.9626024477,2061009.7221887708
2024-06-06 00:00:00-04:00,1986.2510986328125,2217.01904296875,29030.34375,30611.65234375,688855.5523681641,758440.5871582031,8637.3076171875,361654.7179412842,2063684.4012451172
2024-06-07 00:00:00-04:00,1982.0518798828125,2243.15283203125,29297.595703125,30577.861328125,681694.5769958496,769744.2863616943,8669.962890625,365695.6493167877,2066186.305480957
2024-06-11 00:00:00-04:00,1982.0518798828125,2243.15283203125,28111.6640625,29665.595703125,695063.7527244538,814704.9649756886,8653.634765625,365294.30559538864,2089924.091963619
2024-06-12 00:00:00-04:00,2003.0482177734375,2203.9521484375,28061.552734375,29631.8046875,704171.6665973514,843381.597684212,8620.9794921875,359247.2422481887,2120889.4182023406
2024-06-13 00:00:00-04:00,2019.8453369140625,2203.9521484375,28312.103515625,29564.232421875,700042.3027038574,855697.9507446289,8571.99609375,364437.7830505371,2144607.6538085938
2024-06-14 00:00:00-04:00,2015.645751953125,2199.596435546875,27978.037109375,29361.50390625,727402.3830413818,873747.9028701782,8571.99609375,372042.6571369171,2208651.3759613037
2024-06-17 00:00:00-04:00,2040.8416748046875,2182.174072265625,28145.0703125,29344.611328125,728034.2724967673,889445.8037060201,8571.99609375,377823.55779398605,2222999.3138608932
2024-06-18 00:00:00-04:00,2053.439453125,2164.75146484375,28579.353515625,29648.701171875,718277.8801803589,878544.4742355347,8653.634765625,376463.83586883545,2225526.1297302246
2024-06-20 00:00:00-04:00,2091.099853515625,2164.75146484375,28395.619140625,29902.11328125,728362.219367981,865730.4573745728,8816.9111328125,382289.2541561127,2234350.1768188477
2024-06-21 00:00:00-04:00,2059.6884765625,2199.596435546875,28261.9921875,29547.3359375,742467.5302037597,857089.972518757,8898.548828125,388911.58461265266,2231603.147394061
2024-06-24 00:00:00-04:00,2153.922607421875,2212.66357421875,28813.203125,29766.958984375,740569.919844158,859539.3816241995,9110.8076171875,388765.0272580795,2225281.7186824977
2024-06-25 00:00:00-04:00,2064.17578125,2203.9521484375,28610.919921875,30186.310546875,746775.6762886047,847859.569267273,9127.1357421875,372268.37195777893,2193569.7972564697
2024-06-26 00:00:00-04:00,2077.6376953125,2195.240966796875,28542.34765625,30238.29296875,746528.5002886206,865230.0040357187,9972.76953125,369736.4290824421,2197999.069161743
2024-06-27 00:00:00-04:00,2086.612548828125,2199.596435546875,29125.197265625,30359.59765625,763053.4333190918,880580.5845909119,9972.76953125,375320.2482509613,2231363.501678467
2024-06-28 00:00:00-04:00,2082.125,2177.818359375,29210.91015625,30584.86328125,754905.4961383492,872355.7348939925,9972.76953125,302438.6637595892,2238496.0572951436
2024-07-02 00:00:00-04:00,2059.6884765625,2225.730224609375,29330.90625,30411.580078125,760054.6115760803,903225.1318130493,9972.76953125,302083.8625087738,2235123.0285339355
2024-07-03 00:00:00-04:00,2055.201171875,2212.66357421875,29073.767578125,30411.580078125,759796.0560738593,905330.0560398251,9972.76953125,297871.3266759664,2237155.1129401326
2024-07-05 00:00:00-04:00,2059.6884765625,2230.086181640625,29056.625,30446.236328125,774240.4146881104,918850.4230499268,9972.76953125,296669.1624145508,2236265.846923828
2024-07-08 00:00:00-04:00,2028.277099609375,2234.441650390625,29056.625,30966.095703125,768555.4827030748,925692.9580051452,9972.76953125,287567.6828501746,2240891.0474061966
2024-07-09 00:00:00-04:00,2010.32763671875,2230.086181640625,28816.62890625,30532.880859375,762734.0626220703,922393.220085144,9972.76953125,283159.4002094269,2226577.4618225098
2024-07-10 00:00:00-04:00,1983.4036865234375,2186.529541015625,29005.197265625,30498.2265625,768129.9531659707,935495.0446834043,9972.76953125,282192.33944198117,2237623.0879891515
2024-07-11 00:00:00-04:00,2010.32763671875,2238.79736328125,29142.33984375,30914.10546875,731285.8447908461,896241.421686463,9972.76953125,280021.7174222879,2176063.4725991786
2024-07-12 00:00:00-04:00,1965.454345703125,2264.93115234375,29039.482421875,30914.10546875,730061.6004093885,908867.081872344,9972.76953125,280422.7227021158,2192228.199608803
2024-07-15 00:00:00-04:00,1992.3782958984375,2273.642333984375,28953.771484375,30983.421875,733796.5655324534,921542.1127785221,9972.76953125,271614.3966627158,2192293.0327178836
2024-07-16 00:00:00-04:00,1956.4796142578125,2269.286865234375,29210.91015625,31139.3828125,718652.9210633934,916971.7828482501,9972.76953125,275458.8325928375,2190438.5989439934
2024-07-17 00:00:00-04:00,1960.9669189453125,2260.575439453125,28970.916015625,30931.435546875,714539.9824674241,902897.3558433354,9972.76953125,279263.64887924865,2181897.1646621823
2024-07-18 00:00:00-04:00,1956.4796142578125,2243.15283203125,28953.771484375,30931.435546875,705478.0832901001,889504.2624282837,9972.76953125,278236.7780723572,2177237.6729431152
2024-07-19 00:00:00-04:00,1956.4796142578125,2256.2197265625,29142.33984375,30931.435546875,709400.4923474416,895119.6041487157,9972.76953125,281068.1177772023,2175445.557364449
2024-07-22 00:00:00-04:00,1943.017578125,2264.93115234375,28885.201171875,31122.048828125,729978.0568538792,899347.8848659806,9972.76953125,291240.49616788514,2211862.6925415546
2024-07-23 00:00:00-04:00,1902.631591796875,2291.06494140625,28816.62890625,31191.361328125,720628.0502700806,891402.0021743774,9972.76953125,281716.72509384155,2178451.720275879
2024-07-24 00:00:00-04:00,1916.0936279296875,2286.948486328125,28679.490234375,31191.361328125,688174.0094032288,870649.8368110657,9972.76953125,274388.4305820465,2141270.980178833
2024-07-25 00:00:00-04:00,1920.5809326171875,2291.5224609375,28525.20703125,31122.048828125,671547.306416586,872574.4842129014,9972.76953125,277566.4657438472,2144992.5277911723
2024-07-26 00:00:00-04:00,1925.0682373046875,2254.93115234375,28405.2109375,31104.72265625,668217.8476867676,871583.4094276428,9972.76953125,281108.66629600525,2161830.026184082
2024-07-29 00:00:00-04:00,1911.606201171875,2245.783447265625,28285.2109375,31208.693359375,676878.300031431,870821.2495454401,9972.76953125,284329.61323557794,2158665.4989908636
2024-07-30 00:00:00-04:00,1911.606201171875,2236.635498046875,28490.919921875,31364.6484375,687283.2641813233,882519.9920749962,9972.76953125,290420.77365902066,2170314.903242916
2024-07-31 00:00:00-04:00,1951.9923095703125,2250.357421875,29056.625,31641.904296875,695325.912563324,899628.335357666,9972.76953125,293797.57534217834,2213719.410507202
2024-08-01 00:00:00-04:00,1902.631591796875,2222.9140625,29056.625,31797.865234375,686992.8959541321,877950.1621437073,9972.76953125,287668.25299453735,2168311.175064087
2024-08-02 00:00:00-04:00,1848.783447265625,2181.748779296875,28302.3515625,31070.06640625,675983.7414231151,891213.3874129504,9972.76953125,290650.20203590393,2144896.5679854155
2024-08-05 00:00:00-04:00,1830.8341064453125,2181.748779296875,27685.22265625,30619.5234375,640450.8249597251,841093.0151947774,9972.76953125,278100.4155217577,2064824.3575987592
2024-08-06 00:00:00-04:00,1848.783447265625,2154.305419921875,27685.22265625,30324.9375,654320.602675192,856091.8974560872,9972.76953125,290168.7173114531,2142490.192220539
2024-08-08 00:00:00-04:00,1871.22021484375,2213.76611328125,27428.0859375,29978.3671875,665246.9505925104,875244.3016039953,9972.76953125,294922.698358316,2162230.0554326177
2024-08-09 00:00:00-04:00,1916.0936279296875,2236.635498046875,27530.939453125,30324.9375,663019.1369628906,875434.567779541,9972.76953125,291578.1500530243,2142511.9381256104
2024-08-12 00:00:00-04:00,1934.04296875,2195.470458984375,28696.634765625,30619.5234375,655736.824962616,879407.2343711853,9972.76953125,292001.3478012085,2138034.716278076
2024-08-13 00:00:00-04:00,1893.6568603515625,2236.635498046875,28919.484375,31243.349609375,660407.5418770425,890635.9337111376,9972.76953125,305766.3450737111,2164154.3513076007
2024-08-14 00:00:00-04:00,1830.8341064453125,2209.1923828125,29228.052734375,31364.6484375,642560.1380038932,888850.2347011678,9972.76953125,304611.5121912025,2162470.293881133
2024-08-15 00:00:00-04:00,1871.22021484375,2227.48779296875,29553.759765625,31676.564453125,643007.949382782,896306.7823104858,9972.76953125,318428.0682449341,2188328.8784179688
2024-08-16 00:00:00-04:00,1871.22021484375,2259.505126953125,29365.19140625,31433.96484375,648428.0865719914,899949.7798893526,9526.759765625,320653.5577286482,2189244.170962006
2024-08-20 00:00:00-04:00,1826.3468017578125,2222.9140625,28679.490234375,31191.361328125,668523.008392334,906259.1908950806,9526.759765625,323523.5330257416,2217245.2082061768
2024-08-21 00:00:00-04:00,1830.8341064453125,2213.76611328125,28970.916015625,31087.392578125,659911.0879440308,901320.6905708313,9526.759765625,323611.9747695923,2214834.7618103027
2024-08-22 00:00:00-04:00,1826.3468017578125,2195.470458984375,28628.060546875,30844.796875,654681.7055511475,897891.2340888977,9526.759765625,322782.3812198639,2205965.7372436523
2024-08-23 00:00:00-04:00,1844.296142578125,2181.748779296875,28490.919921875,31329.9921875,668945.1371536255,916706.7148971558,9526.759765625,328693.3296470642,2253336.1207733154
2024-08-26 00:00:00-04:00,1862.2454833984375,2232.061767578125,29142.33984375,31797.865234375,663619.3270339966,907811.3176574707,9526.759765625,325906.0652446747,2221824.4680633545
2024-08-27 00:00:00-04:00,1848.783447265625,2282.374755859375,28850.916015625,31364.6484375,658313.3399436027,912046.1080744341,9526.759765625,330115.0568917878,2227931.805779159
2024-08-28 00:00:00-04:00,1844.296142578125,2300.67041015625,29142.33984375,31364.6484375,653284.4042890109,909068.4776374623,9526.759765625,321564.2251437772,2222690.675917268
2024-08-29 00:00:00-04:00,1835.321533203125,2250.357421875,28850.916015625,31347.322265625,655925.1154937744,932166.6727218628,9526.759765625,326844.51759147644,2246795.6021881104
2024-08-30 00:00:00-04:00,1844.296142578125,2314.391845703125,29810.896484375,32906.88671875,669206.2701995671,938489.9601330161,9526.759765625,330434.7938268259,2291266.935961485
2024-09-03 00:00:00-04:00,1790.4481201171875,2291.5224609375,29605.185546875,31971.14453125,647732.6115950346,917468.5010814369,9526.759765625,325541.9745360166,2255905.4980698824
2024-09-04 00:00:00-04:00,1723.1380615234375,2296.09619140625,29416.62109375,31711.21875,649352.5208767056,917139.3852244318,9526.759765625,327043.3884043023,2269948.9516302943
2024-09-05 00:00:00-04:00,1727.6253662109375,2314.391845703125,29382.333984375,32369.705078125,652974.8405532837,923979.2289505005,9526.759765625,326448.2053012848,2264831.8335266113
2024-09-06 00:00:00-04:00,1732.1126708984375,2314.391845703125,28970.916015625,31451.29296875,623894.4134674966,913346.9259515405,9098.5908203125,324167.33267717063,2217088.6323153973
2024-09-09 00:00:00-04:00,1718.650634765625,2300.67041015625,28662.34765625,31693.892578125,616978.8671596348,915804.0820554793,9098.5908203125,320313.258650735,2247093.4472465515
2024-09-10 00:00:00-04:00,1691.7266845703125,2309.81787109375,28662.34765625,31122.048828125,622006.7174949646,920232.9171638489,9098.5908203125,317342.79944229126,2274539.604309082
2024-09-11 00:00:00-04:00,1709.676025390625,2314.391845703125,28730.916015625,30879.453125,643795.857148841,947568.5264467001,9098.5908203125,324309.52931815386,2340261.7301265
2024-09-12 00:00:00-04:00,1732.1126708984375,2296.09619140625,28850.916015625,31191.361328125,656461.7947682738,944628.4736615792,9098.5908203125,323143.6174122989,2351592.301349193
2024-09-13 00:00:00-04:00,1714.163330078125,2305.244140625,28542.34765625,30775.48046875,658983.2135162354,930446.0545578003,9098.5908203125,321157.82356643677,2330978.0353393555
2024-09-16 00:00:00-04:00,1759.0367431640625,2332.6875,28885.201171875,30931.435546875,659834.7337746322,902333.2951881737,9098.5908203125,323555.2330175899,2328997.985689789
2024-09-17 00:00:00-04:00,1754.5494384765625,2318.9658203125,28559.4921875,30931.435546875,669222.7434196472,909906.4337539673,9098.5908203125,328990.4158401489,2344322.9031829834
2024-09-18 00:00:00-04:00,1709.676025390625,2296.09619140625,28456.63671875,30931.435546875,667904.5031661987,921616.4128952026,9098.5908203125,328391.0613632202,2325569.185394287
2024-09-19 00:00:00-04:00,1709.676025390625,2355.556884765625,28919.484375,31537.935546875,675224.2784347534,952366.0034408569,9098.5908203125,327542.796295166,2357006.282897949
2024-09-20 00:00:00-04:00,1696.2139892578125,2350.983154296875,28782.345703125,32057.794921875,677196.4260864258,943910.2259216309,9098.5908203125,347861.8353652954,2338041.0732421875
2024-09-23 00:00:00-04:00,1723.1380615234375,2282.374755859375,29090.91015625,32473.677734375,668180.0087541416,934218.6727287322,9098.5908203125,345637.1268502213,2338182.6914705336
2024-09-24 00:00:00-04:00,1741.08740234375,2332.6875,29468.046875,32750.93359375,671250.2392578125,939686.46484375,9098.5908203125,351345.6298828125,2349366.85546875
2024-09-25 00:00:00-04:00,1651.340576171875,2341.83544921875,29858.654296875,33535.1953125,665854.0163421631,932630.0277099609,8661.501953125,352410.1439361572,2336496.5944213867
2024-09-26 00:00:00-04:00,1705.188720703125,2341.83544921875,29841.05859375,33535.1953125,679380.2086791992,949121.8133087158,8661.501953125,362465.3673171997,2375915.628601074
2024-09-27 00:00:00-04:00,1691.7266845703125,2291.5224609375,29541.9453125,33357.76171875,678890.4729537964,942497.2362442017,8661.501953125,359709.9773311615,2352274.897796631
2024-09-30 00:00:00-04:00,1687.2392578125,2268.65283203125,29190.046875,32151.19921875,689159.0838705078,967424.3787437603,8661.501953125,356770.17409804836,2371805.9040326476
2024-10-01 00:00:00-04:00,1700.7012939453125,2286.948486328125,29031.69140625,32115.71484375,695921.6057739258,941973.7052322328,8661.501953125,360766.44211636484,2356254.2471244335
2024-10-02 00:00:00-04:00,1682.751953125,2273.226806640625,28943.716796875,31938.28125,695831.5973126516,950657.9376621097,8661.501953125,338606.8882372603,2372954.88883546
2024-10-03 00:00:00-04:00,1709.676025390625,2282.374755859375,28802.95703125,31405.978515625,689538.6914005503,937449.4479417801,8661.501953125,331506.7862913944,2347010.51113531
2024-10-04 00:00:00-04:00,1696.2139892578125,2254.93115234375,28662.197265625,31920.537109375,695150.2861188725,942988.5380292311,8661.501953125,332410.3141967766,2370444.796105027
2024-10-07 00:00:00-04:00,1714.163330078125,2264.0791015625,28750.169921875,32080.228515625,674666.4739241526,916976.2347742468,8661.501953125,324982.3371297978,2337051.0750388503
2024-10-08 00:00:00-04:00,1637.8785400390625,2259.505126953125,29119.666015625,31707.615234375,688515.9927635193,944905.631652832,8661.501953125,328584.7934989929,2387136.120162964
2024-10-09 00:00:00-04:00,1651.340576171875,2245.783447265625,29471.56640625,32133.45703125,680629.0916155279,964464.85663414,8661.501953125,336739.43377265334,2412800.8004803658
2024-10-10 00:00:00-04:00,1655.8280029296875,2268.65283203125,29559.541015625,32293.1484375,682103.737821281,963139.9668508172,8661.501953125,335580.3274972886,2410498.802857518
2024-10-11 00:00:00-04:00,1655.8280029296875,2282.374755859375,30087.388671875,32807.7109375,683416.4957733154,951903.2090301514,8563.3798828125,334040.25085639954,2412558.002029419
2024-10-15 00:00:00-04:00,1597.4925537109375,2305.244140625,30175.365234375,32293.1484375,692174.452149421,977500.469172895,8563.3798828125,333659.7344341129,2411270.1778024435
2024-10-16 00:00:00-04:00,1579.543212890625,2350.983154296875,30087.388671875,32967.40234375,696627.3451156616,976851.8565216064,8563.3798828125,343872.14633369446,2442000.8254241943
2024-10-17 00:00:00-04:00,1561.5938720703125,2355.556884765625,30157.76953125,33251.30078125,689448.8159179688,981582.4067382812,8563.3798828125,342767.30126953125,2450627.607421875
2024-10-18 00:00:00-04:00,1579.543212890625,2350.983154296875,31213.466796875,33428.734375,690709.8564605713,992465.6021575928,8563.3798828125,340394.2066040039,2456991.59967041
2024-10-21 00:00:00-04:00,1548.1318359375,2323.539794921875,31231.0625,33712.62890625,691026.6267062277,995215.4055297077,8563.3798828125,333310.5126453154,2444754.0978392363
2024-10-22 00:00:00-04:00,1557.1064453125,2314.391845703125,30544.859375,32896.4296875,702084.475769043,1001955.5484008789,8563.3798828125,336202.1637878418,2465845.8056640625
2024-10-23 00:00:00-04:00,1543.64453125,2318.9658203125,29559.541015625,32648.021484375,689830.433036752,977144.8756125346,8563.3798828125,329484.5813193023,2435540.3954401314
2024-10-24 00:00:00-04:00,1552.619140625,2318.9658203125,30192.9609375,32825.453125,696770.8503112793,986527.0135803223,8563.3798828125,328721.68367004395,2466205.554244995
2024-10-25 00:00:00-04:00,1557.1064453125,2323.539794921875,29841.05859375,32825.453125,705512.7994537354,987074.9031448364,8447.4169921875,326922.54859161377,2458069.1063842773
2024-10-28 00:00:00-04:00,1579.543212890625,2305.244140625,29964.224609375,32381.869140625,716781.5858394578,1002667.8459575847,8447.4169921875,329506.1623076759,2483056.1847435236
2024-10-29 00:00:00-04:00,1557.1064453125,2309.81787109375,30052.19921875,32878.6875,734334.1504402161,1010469.3666000366,8509.8583984375,329542.5474090576,2503338.9468536377
2024-10-30 00:00:00-04:00,1543.64453125,2309.81787109375,31477.390625,33890.0625,762243.7008867934,1004550.4373964146,8527.69921875,324420.1298292652,2519158.7088902593
2024-10-31 00:00:00-04:00,1525.695068359375,2314.391845703125,31160.681640625,33535.1953125,750693.0084462538,990329.3433921039,8813.1455078125,328656.81394713745,2479936.2703829706
2024-11-01 00:00:00-04:00,1507.7457275390625,2309.81787109375,30896.7578125,33375.5078125,752763.4964084774,978843.3515933603,8697.1826171875,333186.5457561761,2494947.3449996114
2024-11-05 00:00:00-05:00,1489.79638671875,2318.9658203125,31319.037109375,34156.21875,744804.1537818909,979705.0685997009,8697.1826171875,332333.0248413086,2516162.6081085205
2024-11-06 00:00:00-05:00,1525.695068359375,2286.948486328125,31582.958984375,33872.3203125,774773.6028862,976836.3250656128,8697.1826171875,321105.79980659485,2579521.3954467773
2024-11-07 00:00:00-05:00,1489.79638671875,2309.81787109375,31160.681640625,33712.62890625,792755.6617355347,996922.4415206909,8697.1826171875,323407.1361064911,2597570.916595459
2024-11-08 00:00:00-05:00,1426.9736328125,2273.226806640625,30896.7578125,33127.09375,766314.3923492432,975478.9224243164,8581.220703125,316660.22702407837,2555860.493133545
2024-11-12 00:00:00-05:00,1480.82177734375,2259.505126953125,30703.212890625,33091.60546875,787092.8747664392,972054.5734597743,8581.220703125,322673.65937680006,2571978.993616104
2024-11-13 00:00:00-05:00,1489.79638671875,2268.65283203125,30562.453125,33091.60546875,788733.5776748657,992926.8288116455,8581.220703125,327699.5093193054,2618782.4010772705
2024-11-14 00:00:00-05:00,1548.1318359375,2268.65283203125,31195.873046875,33712.62890625,781602.1049690247,1016246.5274581909,8581.220703125,327208.1640319824,2626391.0855560303
2024-11-15 00:00:00-05:00,1566.0811767578125,2268.65283203125,31107.896484375,33712.62890625,768318.564453125,1002523.525390625,8581.220703125,331648.92578125,2594637.7734375
2024-11-18 00:00:00-05:00,1601.9798583984375,2296.09619140625,31670.935546875,34404.625,775895.7651816308,1009553.0473738387,8581.220703125,321942.0613430254,2588955.8703709245
2024-11-19 00:00:00-05:00,1597.4925537109375,2355.556884765625,31846.884765625,34865.95703125,778387.0652427673,997896.4574317932,8581.220703125,313702.88727378845,2565057.0621032715
2024-11-20 00:00:00-05:00,1575.055908203125,2360.130859375,32269.166015625,35469.234375,768228.7021809071,999993.9505488947,8581.220703125,311041.8751523532,2563533.0210457444
2024-11-21 00:00:00-05:00,1615.44189453125,2369.278564453125,31864.48046875,34599.8046875,732087.3771286011,998320.5581665039,8581.220703125,318554.27293777466,2577756.480255127
2024-11-22 00:00:00-05:00,1642.365966796875,2332.6875,31758.91015625,34777.2421875,718906.0782399029,1003315.1232879609,8393.896484375,328015.0355435908,2583944.5894509554
2024-11-25 00:00:00-05:00,1628.9039306640625,2378.426513671875,32374.734375,34599.8046875,723717.3856650889,1005573.2485856339,8599.060546875,332316.5042957626,2563957.440019369
2024-11-26 00:00:00-05:00,1579.543212890625,2360.130859375,31670.935546875,34262.67578125,736997.209854126,1024670.5085906982,8599.060546875,328489.0499267578,2603574.7646484375
2024-11-27 00:00:00-05:00,1588.517822265625,2369.278564453125,31934.861328125,34653.03515625,740547.1821022034,1028367.9520225525,8599.060546875,332959.40457344055,2606015.2082061768
2024-11-29 00:00:00-05:00,1615.44189453125,2360.130859375,31653.341796875,34227.19140625,741876.9253691286,1042463.7403417379,8572.2998046875,335943.93432129174,2629143.0907326937
2024-12-02 00:00:00-05:00,1593.0052490234375,2378.426513671875,32093.21484375,34333.65234375,737946.5111986399,1031310.3642775416,8572.2998046875,332239.260042876,2583461.9619003534
2024-12-03 00:00:00-05:00,1597.4925537109375,2360.130859375,31829.291015625,33978.78515625,759405.6958732605,1075796.2298278809,8572.2998046875,341204.8616142273,2662012.1808013916
2024-12-04 00:00:00-05:00,1575.055908203125,2378.426513671875,31618.150390625,33730.37109375,768977.6726760864,1072014.7199020386,8572.2998046875,337392.27420043945,2665046.513946533
2024-12-05 00:00:00-05:00,1588.517822265625,2378.426513671875,32110.810546875,34120.7265625,759674.7605552673,1069790.3369865417,8572.2998046875,337552.74802207947,2654964.0427093506
2024-12-06 00:00:00-05:00,1552.619140625,2393.32470703125,31741.31640625,33890.0625,766685.0949627757,1065992.4069733322,8572.2998046875,337959.41887910664,2652494.397981882
2024-12-09 00:00:00-05:00,1606.4671630859375,2383.712890625,31582.958984375,33606.16796875,763914.0967494249,1073948.8917142153,8572.2998046875,329777.2611142695,2616385.1379418373
2024-12-10 00:00:00-05:00,1642.365966796875,2398.130615234375,31653.341796875,33535.1953125,809358.2217595577,1082071.8297502548,8572.2998046875,327067.87731627375,2617718.2488724887
2024-12-11 00:00:00-05:00,1624.4166259765625,2388.518798828125,31653.341796875,33694.88671875,849336.3398284912,1070512.2673072815,8572.2998046875,334197.13365745544,2623265.6273651123
2024-12-12 00:00:00-05:00,1628.9039306640625,2398.130615234375,31653.341796875,33712.62890625,828556.101436615,1069374.8558425903,8572.2998046875,328117.1483039856,2591120.5766296387
2024-12-13 00:00:00-05:00,1597.4925537109375,2412.548095703125,31494.986328125,33357.76171875,820643.5441510379,1071837.9237696826,8572.2998046875,325654.41757169366,2594838.9806194305
2024-12-16 00:00:00-05:00,1552.619140625,2383.712890625,31283.84765625,33446.4765625,840214.1564386413,1071652.7979289591,8500.9384765625,321615.62017146125,2575254.690914333
2024-12-17 00:00:00-05:00,1561.5938720703125,2378.906982421875,30896.7578125,33357.76171875,839755.5107350945,1088340.468607083,8500.9384765625,326831.84788318723,2578902.6334195733
2024-12-18 00:00:00-05:00,1512.233154296875,2354.877685546875,30615.23828125,33269.04296875,814602.0751293227,1071620.6669880822,8474.177734375,324217.7983690649,2518575.165448129
2024-12-19 00:00:00-05:00,1507.7457275390625,2330.848388671875,30967.13671875,33446.4765625,820249.1446350217,1085984.531921804,8474.177734375,327123.4435379505,2532698.6498601437
2024-12-20 00:00:00-05:00,1480.82177734375,2326.04248046875,30967.13671875,33712.62890625,833886.9893461317,1107772.3735006377,8474.177734375,326844.1605545804,2563886.284805745
2024-12-23 00:00:00-05:00,1512.233154296875,2398.130615234375,31248.65625,34067.5,835340.681601435,1094689.2102841735,8474.177734375,321243.77740459144,2544212.415221274
2024-12-24 00:00:00-05:00,1489.79638671875,2398.130615234375,31847.71875,34833.91796875,860914.0303077698,1132539.7638702393,8474.177734375,328708.275762558,2631573.886871338
2024-12-26 00:00:00-05:00,1489.79638671875,2354.877685546875,31955.982421875,35215.31640625,858832.8414872363,1136345.232417494,8474.177734375,329410.86558753997,2630794.288030535
2024-12-27 00:00:00-05:00,1489.79638671875,2388.518798828125,31595.103515625,34507.01171875,842945.7268981934,1116770.1698036194,8884.5068359375,325863.46653556824,2591804.594696045
2024-12-30 00:00:00-05:00,1503.2584228515625,2345.265869140625,31739.455078125,34143.78125,828152.0603823662,1091223.1695699692,8830.9853515625,315215.1095482111,2538422.484729767
2025-01-02 00:00:00-05:00,1610.95458984375,2402.936279296875,32028.158203125,34325.39453125,830254.0503961444,1067879.4974853694,8786.384765625,314846.46959117055,2553835.867205858
2025-01-03 00:00:00-05:00,1606.4671630859375,2393.32470703125,31486.837890625,34507.01171875,836623.0385323688,1060694.4927656874,8786.384765625,311826.48363063857,2572739.8844701946
2025-01-07 00:00:00-05:00,1655.8280029296875,2422.159912109375,32028.158203125,34815.7578125,844181.7065238953,1045058.714302063,8786.384765625,303551.42887687683,2533829.2643432617
2025-01-08 00:00:00-05:00,1651.340576171875,2417.35400390625,31577.05859375,34252.75,837016.0974513888,1046528.4267522097,8652.58203125,299998.11365532875,2534924.0174725056
2025-01-10 00:00:00-05:00,1655.8280029296875,2388.518798828125,31739.455078125,34325.39453125,827781.1395721436,1020080.500023745,8563.3798828125,299260.7765313685,2494008.6959867477
2025-01-13 00:00:00-05:00,1660.3153076171875,2412.548095703125,31540.970703125,34071.1328125,817619.823804684,1002513.3189306483,8590.140625,300854.1474105418,2480286.531249732
2025-01-14 00:00:00-05:00,1651.340576171875,2412.548095703125,31324.443359375,33671.578125,812681.7688789368,998756.1903495789,8786.384765625,297363.46742630005,2486297.1164398193
2025-01-15 00:00:00-05:00,1655.8280029296875,2426.9658203125,31450.75,33689.7421875,834017.3899005353,1013664.2462553978,8830.9853515625,295562.62199563533,2519727.9963526726
2025-01-16 00:00:00-05:00,1678.2646484375,2426.9658203125,31378.572265625,33598.9296875,825924.093044199,976455.5025652125,8902.3466796875,296867.0652218498,2525136.363736242
2025-01-17 00:00:00-05:00,1646.853271484375,2422.159912109375,31360.529296875,33871.35546875,846725.5499267578,992690.4330444336,8902.3466796875,298408.37646484375,2572087.861328125
2025-01-21 00:00:00-05:00,1633.3912353515625,2446.189208984375,31270.310546875,34052.97265625,851954.2398572862,956933.5265312865,9045.0703125,306916.56245304644,2584394.4066423774
2025-01-22 00:00:00-05:00,1579.543212890625,2465.41259765625,31757.498046875,34052.97265625,850783.5435859859,959176.6497140229,9045.0703125,309638.84610526264,2591994.8013752103
2025-01-23 00:00:00-05:00,1593.0052490234375,2479.830322265625,32659.701171875,35560.3828125,839365.8143348694,947448.3125267029,8902.3466796875,307118.6947917938,2576544.691772461
2025-01-24 00:00:00-05:00,1579.543212890625,2499.0537109375,33363.41796875,36250.5234375,841896.850269109,936023.0481881797,9276.9951171875,301661.46063257754,2547979.9064480066
2025-01-27 00:00:00-05:00,1610.95458984375,2479.830322265625,34734.76171875,37140.4375,797131.3597229496,954463.3149490133,9455.3984375,306274.915261697,2483029.1792839766
2025-01-28 00:00:00-05:00,1637.8785400390625,2523.083251953125,36629.390625,38847.62890625,815276.0119816661,993781.2511515096,9883.5673828125,302804.9019381255,2515367.631622046
2025-01-29 00:00:00-05:00,1691.7266845703125,2537.500732421875,37892.46875,39501.44921875,820337.3731341362,1004001.8115638942,9883.5673828125,313477.91038477793,2518815.0374079347
2025-01-30 00:00:00-05:00,1817.3721923828125,2662.45361328125,37784.20703125,40282.39453125,833339.4229344428,984854.6988019049,10204.6943359375,316869.81319367886,2501654.7857009172
2025-01-31 00:00:00-05:00,1759.0367431640625,2595.17138671875,37351.1484375,39138.21484375,844827.6192750782,976437.7545000017,10240.375,310504.2740404308,2483512.6626421213
2025-02-03 00:00:00-05:00,1799.4227294921875,2523.083251953125,36557.2109375,39029.24609375,835276.2950956821,945645.91005072,9812.2060546875,309995.5158289522,2473093.1240469217
2025-02-04 00:00:00-05:00,1839.808837890625,2537.500732421875,36882.00390625,39047.41015625,854727.5978260338,963341.4874395728,9990.609375,309823.66737113893,2484006.539333701
2025-02-05 00:00:00-05:00,1781.473388671875,2508.66552734375,36719.609375,38774.98046875,793031.8811645508,962745.887512207,9990.609375,301382.1757507324,2496190.1623535156
2025-02-06 00:00:00-05:00,1794.9354248046875,2499.0537109375,37242.88671875,39683.0625,796214.5072693676,968361.6127017587,9990.609375,290697.85281216726,2511868.358884722
2025-02-07 00:00:00-05:00,1794.9354248046875,2489.442138671875,36665.4765625,38956.59765625,763925.8759928942,937451.571143344,9990.609375,276031.3104103692,2468511.161976099
2025-02-10 00:00:00-05:00,1812.884765625,2479.830322265625,37008.3125,39047.41015625,762022.5562777072,930552.6574001312,9990.609375,282680.56024231017,2463449.5457639694
2025-02-11 00:00:00-05:00,1821.8594970703125,2470.218505859375,37513.54296875,39537.76953125,762633.4320716858,957535.8529510498,9990.609375,286267.79402160645,2482682.731994629
2025-02-12 00:00:00-05:00,1785.9608154296875,2455.801025390625,37621.80859375,40663.7890625,756614.2939838693,976343.8094552457,9901.408203125,290350.18867071345,2477771.3589110076
2025-02-13 00:00:00-05:00,1880.19482421875,2455.801025390625,37621.80859375,40500.3359375,771770.2344873622,1001691.1913464963,9901.408203125,295981.56876253337,2519618.341903031
2025-02-14 00:00:00-05:00,1907.118896484375,2484.63623046875,38072.91015625,41299.4453125,762886.3057664484,1007672.4823050499,10008.4501953125,293329.08064104617,2502891.560967028
2025-02-18 00:00:00-05:00,2001.35302734375,2470.218505859375,37892.46875,41244.9609375,756254.8551025391,1006314.1487884521,10151.1728515625,311347.3924751282,2508194.011856079
2025-02-19 00:00:00-05:00,1633.3912353515625,2460.60693359375,31486.837890625,41390.25,754512.535058856,997496.3761865795,9045.0703125,304898.51429356635,2487689.004511118
2025-02-20 00:00:00-05:00,2005.84033203125,2575.94775390625,39967.53515625,43224.57421875,752662.6481781006,1002794.8882141113,10186.853515625,307110.522354126,2481469.429626465
2025-02-21 00:00:00-05:00,1925.0682373046875,2580.753662109375,39660.78515625,43042.95703125,728432.4192123413,995846.2290802002,10097.65234375,302444.1887226105,2424495.6567993164
2025-02-24 00:00:00-05:00,1925.0682373046875,2662.45361328125,40184.0625,43115.60546875,719104.9430006146,991563.0287889242,10151.1728515625,314041.0226782337,2387504.559235215
2025-02-25 00:00:00-05:00,1907.118896484375,2691.288818359375,40364.50390625,42843.17578125,718706.0046386719,1012404.1091308594,10151.1728515625,326472.4202270508,2426411.895263672
2025-02-26 00:00:00-05:00,1875.70751953125,2787.40625,40129.9296875,43151.92578125,709318.3360290527,987302.100189209,9990.609375,325023.56674957275,2432827.040802002
2025-02-27 00:00:00-05:00,1839.808837890625,2825.853271484375,38920.98046875,42225.68359375,688187.3781217933,969435.6867093444,10650.7041015625,318677.3944222927,2381120.998152852
2025-02-28 00:00:00-05:00,1848.783447265625,2763.376708984375,38704.453125,41499.22265625,700104.8127365112,994585.2731933594,10704.224609375,318441.69037246704,2434796.6381835938
2025-03-03 00:00:00-05:00,1759.0367431640625,2686.48291015625,38235.30859375,40046.29296875,680069.1350097582,969519.9511170387,11061.0322265625,312910.82516146824,2370025.7973714173
2025-03-04 00:00:00-05:00,1691.7266845703125,2657.647705078125,38018.77734375,40391.3671875,701672.8950576782,968811.786907196,10953.990234375,311080.06452941895,2360545.8523406982
2025-03-05 00:00:00-05:00,1732.1126708984375,2652.841796875,38902.9375,41898.77734375,715081.7345342338,974556.7175952494,11061.0322265625,315161.5887773931,2402488.181130588
2025-03-06 00:00:00-05:00,1794.9354248046875,2710.51220703125,38614.23046875,42952.1484375,705313.2424926758,963302.0215797424,11310.7978515625,311663.6583995819,2336178.416366577
2025-03-07 00:00:00-05:00,1848.783447265625,2739.347412109375,39029.2421875,42679.72265625,710627.3016929626,977421.2087631226,11257.2763671875,314809.5760345459,2345378.5217285156
2025-03-10 00:00:00-04:00,1817.3721923828125,2700.900390625,38181.17578125,42044.0703125,671163.2388144732,919640.5715197325,11114.5537109375,302616.29320532084,2258749.237883091
2025-03-11 00:00:00-04:00,1776.986083984375,2667.25927734375,38686.40625,42044.0703125,683236.0075683594,918995.4317855835,11310.7978515625,302404.2608413696,2305223.5816955566
2025-03-12 00:00:00-04:00,1808.3974609375,2739.347412109375,39209.68359375,41771.64453125,686655.3244056702,890780.4849052429,11239.4365234375,295961.18608665466,2285760.027999878
2025-03-13 00:00:00-04:00,1803.91015625,2739.347412109375,38704.453125,41989.58203125,666267.1341362,857575.2984466553,11150.234375,291081.8741912842,2247074.3865509033
2025-03-14 00:00:00-04:00,1866.73291015625,2748.959228515625,39895.359375,43442.51171875,679998.7696380615,876452.7322311401,11221.595703125,288238.3657646179,2302369.5480651855
2025-03-17 00:00:00-04:00,1902.631591796875,2825.853271484375,40472.76953125,43951.03515625,666296.118996352,867130.6990171038,11239.4365234375,292591.86182225123,2288725.601391986
2025-03-18 00:00:00-04:00,1893.6568603515625,2768.1826171875,40184.0625,43932.875,651907.3750991821,862209.5199203491,11221.595703125,291174.25190734863,2265902.0740966797
2025-03-19 00:00:00-04:00,1911.606201171875,2787.40625,40111.8828125,42770.53515625,672485.2717208862,882404.828338623,11239.4365234375,293178.61587524414,2316296.056365967
2025-03-20 00:00:00-04:00,1884.6822509765625,2748.959228515625,40057.7578125,42643.40234375,673364.9187398851,884763.7955492437,11239.4365234375,290952.36734065413,2329633.892297268
2025-03-21 00:00:00-04:00,1884.6822509765625,2748.959228515625,40057.7578125,43769.41796875,682848.0672438145,908061.6924855635,11239.4365234375,276930.5369663872,2344637.5439811647
2025-03-25 00:00:00-04:00,1902.631591796875,2787.40625,41411.0546875,43769.41796875,704343.0067893863,923176.3159946799,11275.1171875,268985.2069738507,2371988.6912868023
2025-03-26 00:00:00-04:00,1929.5555419921875,2777.79443359375,41687.12890625,45686.18359375,674736.4377441406,904772.6619873047,11150.234375,263063.5646209717,2321429.5576171875
2025-03-27 00:00:00-04:00,1951.9923095703125,2753.76513671875,41430.77734375,45508.33984375,667764.9797080457,920528.9058056921,11310.7978515625,265112.4942739606,2330014.7779512703
2025-03-28 00:00:00-04:00,1920.5809326171875,2748.959228515625,41312.45703125,45943.0703125,640794.0439300537,903940.5356750488,11239.4365234375,257241.94214439392,2303050.4219055176
2025-03-31 00:00:00-04:00,1960.2584228515625,2739.347412109375,41549.09375,46437.08203125,635813.7336343527,912493.6513453722,11239.4365234375,255495.67584004253,2296015.6247526407
2025-04-01 00:00:00-04:00,1969.7054443359375,2772.988525390625,42377.3125,46693.96875,654714.3641281128,929496.8371810913,12024.412109375,264243.3771715164,2335479.4628448486
2025-04-02 00:00:00-04:00,1964.98193359375,2835.46484375,43205.53515625,48907.140625,648955.3019828796,924386.9851455688,12470.421875,262778.0877599716,2329423.904525757
2025-04-03 00:00:00-04:00,1889.40576171875,2878.7177734375,43383.01171875,49005.94140625,623251.5315704346,839478.1168060303,12488.2626953125,224982.96668434143,2219475.2094421387
2025-04-04 00:00:00-04:00,1823.2764892578125,2748.959228515625,42397.03515625,48215.5234375,603341.930103153,779922.5510315001,12309.8583984375,232228.8441323787,2090451.0146872103
2025-04-07 00:00:00-04:00,1832.7235107421875,2748.959228515625,40937.78515625,47820.31640625,611289.4860628992,755204.0737182349,12666.666015625,226756.80056432635,2096298.5216291845
2025-04-08 00:00:00-04:00,1709.9122314453125,2700.900390625,39261.625,45626.90234375,633110.019607544,753724.9652252197,12952.1123046875,228156.05132102966,2168926.5621643066
2025-04-09 00:00:00-04:00,1813.8294677734375,2782.600341796875,41608.25,46239.4765625,699469.6343231201,875597.910232544,13344.6005859375,255920.01545906067,2392564.9420166016
2025-04-10 00:00:00-04:00,1686.2945556640625,2676.87109375,39163.02734375,45646.6640625,654931.5155410767,815347.5281524658,13558.6845703125,228219.72485733032,2244830.0271606445
2025-04-11 00:00:00-04:00,1771.31787109375,2681.677001953125,39833.4921875,45152.65234375,684172.3601989746,861960.580657959,13480.0,231812.26277160645,2323510.1455078125
2025-04-14 00:00:00-04:00,1813.8294677734375,2720.1240234375,40503.95703125,45784.98828125,677999.4543524086,862429.3452269435,12960.0,231189.3206593059,2293840.7554349303
2025-04-15 00:00:00-04:00,1813.8294677734375,2715.318115234375,41982.921875,47425.10546875,670978.7018585205,866939.520149231,12960.0,230398.06023597717,2304497.7770996094
2025-04-16 00:00:00-04:00,1799.658935546875,2710.51220703125,42180.1171875,50448.45703125,664566.1432800293,841262.2555160522,12860.0,227200.43066596985,2274929.3126678467
2025-04-21 00:00:00-04:00,1818.552978515625,2643.22998046875,42574.51171875,49717.3203125,634312.8983518481,828978.041946888,12480.0,235975.84431895986,2204390.206528187
2025-04-22 00:00:00-04:00,1828.0,2672.065185546875,43777.40234375,49401.15234375,645938.213394165,851028.334690094,12120.0,238196.16255378723,2243569.97795105
2025-04-23 00:00:00-04:00,1840.0,2734.54150390625,43876.0,51476.0,664690.4168624878,874638.0202178955,11760.0,240371.50185012817,2287057.6177368164
2025-04-24 00:00:00-04:00,1840.0,2720.1240234375,44000.0,51860.0,682616.6404953003,892206.5633926392,11820.0,245336.18863677979,2339212.6680908203
2025-04-25 00:00:00-04:00,1830.0,2696.0947265625,44020.0,51380.0,686798.8823471069,886674.1483879089,12280.0,239184.83908081055,2331330.5494384766
2025-04-28 00:00:00-04:00,1785.0,2748.959228515625,43000.0,49620.0,675136.0804526955,882555.5049269125,12020.0,235823.8715335168,2312007.2491745055
2025-04-29 00:00:00-04:00,1750.0,2782.600341796875,42820.0,49620.0,672781.647480011,886439.4947509766,12640.0,236607.48632907867,2325112.5012054443
2025-04-30 00:00:00-04:00,1725.0,2816.241455078125,43400.0,50100.0,663903.6256980896,887621.9766464233,12640.0,230819.3761806488,2318277.3795928955
2025-05-02 00:00:00-04:00,1735.0,2845.07666015625,44000.0,50000.0,686069.7829648852,858132.4065712094,12640.0,239887.19457522035,2366597.6594996452
2025-05-05 00:00:00-04:00,1695.0,2854.6884765625,43900.0,50400.0,698246.5657285675,844960.965584226,12600.0,238715.7992442455,2392564.8960655034
2025-05-06 00:00:00-04:00,1725.0,2816.241455078125,43400.0,50100.0,698650.2749633789,848900.5633544922,12640.0,238989.034614563,2388626.867980957
2025-05-07 00:00:00-04:00,1690.0,2748.959228515625,43660.0,50180.0,648814.4651651308,840380.9690620527,12300.0,245944.10296132788,2401384.7371579707
2025-05-08 00:00:00-04:00,1720.0,2854.6884765625,43720.0,50140.0,660673.4213473499,844961.4578635991,12300.0,246947.6042302139,2414463.7241515517
2025-05-09 00:00:00-04:00,1720.0,2825.853271484375,43320.0,49520.0,647081.2638164982,840268.8895541653,12000.0,241760.16997626796,2386624.992095709
2025-05-12 00:00:00-04:00,1750.0,2864.300048828125,42840.0,50900.0,670646.2894253433,892498.631329745,12000.0,259267.47673169523,2463566.5352510214
2025-05-13 00:00:00-04:00,1820.0,2849.882568359375,44180.0,55620.0,671367.2380523682,896475.317565918,12140.0,257022.62424850464,2467364.8176879883
2025-05-14 00:00:00-04:00,1820.0,2792.212158203125,44620.0,52220.0,693801.9100952148,891197.3728942871,12140.0,253520.85720062256,2461187.481689453
2025-05-15 00:00:00-04:00,1800.0,2772.988525390625,44500.0,52800.0,687069.4483184814,886449.751739502,12140.0,255968.14643859863,2470341.2551879883
2025-05-16 00:00:00-04:00,1810.0,2782.600341796875,42800.0,50000.0,695544.6312255859,884547.4154243469,12160.0,258557.36267089844,2483312.1237335205
2025-05-19 00:00:00-04:00,1805.0,2787.40625,43300.0,52500.0,699143.7235940248,876840.3830407187,12180.0,255116.3340383675,2494045.021173358
2025-05-20 00:00:00-04:00,1790.0,2787.40625,43760.0,52620.0,681147.8039054871,859628.2924804688,12180.0,254381.67775726318,2458617.9918060303
2025-05-21 00:00:00-04:00,1775.0,2811.435546875,43180.0,51900.0,700793.92689991,840551.5847687423,12460.0,244107.35579277948,2419895.0986282825
2025-05-22 00:00:00-04:00,1780.0,2854.6884765625,42200.0,51580.0,710236.029220581,837324.4949798584,12460.0,249504.06352996826,2419715.885925293
2025-05-23 00:00:00-04:00,1780.0,2854.6884765625,43300.0,52300.0,700873.0515421703,812710.7477960736,12460.0,244428.2169761844,2406287.415661782
2025-05-27 00:00:00-04:00,1780.0,2801.82373046875,43300.0,51600.0,715098.6634063721,828400.6910552979,12460.0,254376.29897880554,2441300.716506958
2025-05-28 00:00:00-04:00,1780.0,2835.46484375,43980.0,50800.0,706166.4698982239,821476.9449806213,12280.0,247774.76690292358,2404108.8932037354
2025-05-29 00:00:00-04:00,1795.0,2869.10595703125,43620.0,49800.0,706212.5152865499,821988.452293098,11920.0,247144.1759349387,2420816.7242391407
2025-05-30 00:00:00-04:00,1740.0,2787.40625,42800.0,48800.0,706621.362361908,826743.6316680908,12000.0,244036.53933048248,2421334.4677734375
2025-06-03 00:00:00-04:00,1775.0,2859.494384765625,44600.0,49880.0,683996.5631069243,837012.933245182,12080.0,252968.2932885997,2449959.759649962
2025-06-04 00:00:00-04:00,1765.0,2859.494384765625,44600.0,50400.0,690663.5063220859,833916.3314076513,12100.0,254211.59531657025,2445658.355365336
2025-06-05 00:00:00-04:00,1780.0,2854.6884765625,44740.0,51000.0,688437.9305606186,821471.5296498239,12100.0,252748.06508003175,2424110.235886216
2025-06-06 00:00:00-04:00,1845.0,2869.10595703125,44180.0,50100.0,710406.1785888672,834450.3113098145,12520.0,253123.11397361755,2447153.554901123
2025-06-09 00:00:00-04:00,1850.0,2816.241455078125,43560.0,49560.0,723483.0833240077,827026.1216776147,12520.0,250348.09464974515,2457443.460469961
2025-06-10 00:00:00-04:00,1895.0,2825.853271484375,44100.0,50300.0,737350.8577749878,836065.7493246719,12200.0,259525.10929777287,2483528.5482394695
2025-06-11 00:00:00-04:00,1930.0,2806.629638671875,44440.0,50500.0,743415.9185218811,832590.8089256287,12200.0,260368.59995365143,2514448.8942718506
2025-06-12 00:00:00-04:00,1925.0,2806.629638671875,44220.0,50000.0,732204.4908370972,829484.4118309021,12200.0,257578.74681186676,2508885.8256225586
2025-06-13 00:00:00-04:00,1985.0,2797.017822265625,44080.0,49940.0,724165.1717681885,813822.3497314453,12200.0,246990.21003246307,2468316.395904541
2025-06-16 00:00:00-04:00,1945.0,2782.600341796875,43620.0,49200.0,721760.1894823909,809520.9040020257,12200.0,248750.97332321294,2454623.708699316
2025-06-17 00:00:00-04:00,1965.0,2806.629638671875,43120.0,48920.0,719553.0867576599,799446.6277313232,12200.0,241498.59266281128,2438162.3515319824
2025-06-18 00:00:00-04:00,1970.0,2825.853271484375,43900.0,49660.0,709057.07837677,803581.8053512573,12200.0,239613.99021148682,2438484.2930145264
2025-06-20 00:00:00-04:00,2000.0,2835.46484375,43820.0,49260.0,678694.6618041992,817992.7872314453,12200.0,239669.89685821533,2419682.2368164062
2025-06-24 00:00:00-04:00,1920.0,2902.7470703125,45760.0,50440.0,679265.7570304871,815193.9805755615,12200.0,246218.8631401062,2471945.1441192627
2025-06-25 00:00:00-04:00,1900.0,2902.7470703125,45800.0,51000.0,694220.6861388795,819176.5617528558,12200.0,243513.2017298108,2470316.1786063015
2025-06-26 00:00:00-04:00,1880.0,2902.7470703125,45860.0,51480.0,702328.0257465392,812820.7044858038,12200.0,249108.24758550897,2477320.9775561094
2025-06-27 00:00:00-04:00,1820.0,2902.7470703125,46160.0,51000.0,719149.2018585205,809347.3892211914,12180.0,285608.57835388184,2476583.0514678955
2025-07-01 00:00:00-04:00,1795.0,2931.582275390625,45820.0,51000.0,717173.3327178955,846938.9365081787,12180.0,294680.58073043823,2520597.366912842
2025-07-02 00:00:00-04:00,1855.0,2931.582275390625,46300.0,52100.0,717993.4629488736,853171.5283625387,12000.0,302181.63907240145,2494932.3484674096
2025-07-03 00:00:00-04:00,1820.0,2936.38818359375,45540.0,51480.0,714534.4943847656,849266.5362091064,12040.0,299235.0456008911,2489428.1630859375
2025-07-07 00:00:00-04:00,1800.0,2926.776611328125,45500.0,51960.0,705551.8625791743,837231.184486337,12040.0,300602.5848300755,2478984.3500354886
2025-07-08 00:00:00-04:00,1845.0,2931.582275390625,45320.0,52020.0,701151.3401541784,843845.941940099,12040.0,292561.1308849007,2495854.3202773333
2025-07-09 00:00:00-04:00,1805.0,2936.38818359375,44800.0,51300.0,713681.0848127604,852497.4288703054,12040.0,292547.0925638974,2522835.150307238
2025-07-10 00:00:00-04:00,1810.0,2897.941162109375,45060.0,51440.0,712692.3212585449,851615.3382110596,11900.0,294683.119720459,2512427.4613952637
2025-07-11 00:00:00-04:00,1820.0,2912.35888671875,44480.0,51000.0,721646.9654546939,845014.1884534918,11900.0,286285.8726874124,2498100.028519675
2025-07-14 00:00:00-04:00,1795.0,2921.970703125,44800.0,51780.0,726720.5928906798,834375.496148318,12080.0,284626.2547440827,2501862.129279971
2025-07-15 00:00:00-04:00,1795.0,2955.61181640625,45000.0,52520.0,727951.6504096985,835726.5662956238,12080.0,283395.5827617645,2489089.0033721924
2025-07-16 00:00:00-04:00,1795.0,2955.61181640625,44460.0,52800.0,736395.2966880798,845160.9806060791,12180.0,285598.65250587463,2513668.833465576
2025-07-17 00:00:00-04:00,1790.0,2946.0,46600.0,55980.0,735027.6279979944,840228.1373196393,12180.0,287588.7962542996,2515334.5381759405
2025-07-18 00:00:00-04:00,1775.0,2960.0,46040.0,55080.0,742343.6976715364,846454.3153066039,12140.0,286114.9289395306,2519016.0007847846
2025-07-21 00:00:00-04:00,1795.0,2970.0,46200.0,56300.0,762485.1670094356,851580.3195801489,12160.0,292205.3363516256,2522998.6687040776
2025-07-22 00:00:00-04:00,1780.0,2940.0,45560.0,54900.0,770051.3444012403,862177.9733079113,12160.0,298618.9788227901,2531561.79126665
2025-07-23 00:00:00-04:00,1800.0,2935.0,45300.0,53000.0,772648.5819639638,869119.1898224056,12160.0,306811.1574854329,2577529.3945194483
2025-07-24 00:00:00-04:00,1755.0,2940.0,45300.0,52400.0,773911.3247110136,860181.8800072744,12000.0,298938.5031608585,2556680.9913475066
2025-07-25 00:00:00-04:00,1765.0,2930.0,45560.0,52100.0,784861.6620034352,868279.2748965137,12000.0,304982.1854334902,2589333.1072547436
2025-07-28 00:00:00-04:00,1795.0,2980.0,46000.0,53160.0,780829.1947034299,867198.2231601626,12000.0,316212.51593348384,2583489.9660615325
2025-07-29 00:00:00-04:00,1805.0,2990.0,45700.0,53020.0,815142.7395666242,879079.2370805144,12000.0,321033.1281364858,2647043.5712783337
2025-07-30 00:00:00-04:00,1775.0,2980.0,45500.0,52620.0,810774.8474006653,861747.1111450195,12000.0,311346.0251598358,2618753.653793335
2025-07-31 00:00:00-04:00,1755.0,2950.0,45800.0,54500.0,801630.3197135925,866407.2051467896,12000.0,307079.9309043884,2640831.915496826
2025-08-01 00:00:00-04:00,1720.0,2940.0,45600.0,53800.0,789721.4083709121,844382.6585540622,12000.0,306660.96162980795,2597086.9428681135
2025-08-04 00:00:00-04:00,1720.0,2940.0,45840.0,54500.0,802228.4145309627,835750.8795823157,12000.0,302887.8466729224,2597265.2021933794
2025-08-05 00:00:00-04:00,1735.0,2930.0,46040.0,54600.0,795749.7899919748,828820.741674073,12000.0,299242.6049733907,2568772.992449552
2025-08-06 00:00:00-04:00,1750.0,2970.0,46100.0,53500.0,799910.8202133179,869227.4772949219,12000.0,303045.49547195435,2582474.92288208
2025-08-08 00:00:00-04:00,1740.0,3045.0,47420.0,54980.0,812961.7374916077,924963.3006286621,12000.0,294715.28264045715,2573080.4679107666
2025-08-11 00:00:00-04:00,1725.0,2990.0,48280.0,55500.0,810843.3891836926,916773.0867897868,12200.0,293886.59464963526,2566636.7301519513
2025-08-12 00:00:00-04:00,1725.0,2975.0,48840.0,57000.0,817168.8181516975,923222.2581128776,12200.0,296251.49841671437,2583942.8533519506
2025-08-13 00:00:00-04:00,1755.0,2965.0,48660.0,56900.0,809801.4270782471,935911.1094474792,12400.0,304663.3286476135,2587605.7697296143
2025-08-14 00:00:00-04:00,1770.0,3010.0,49360.0,59500.0,814338.3440704346,934401.966003418,12500.0,301691.7885799408,2589617.442062378
2025-08-15 00:00:00-04:00,1800.0,2995.0,49800.0,59560.0,823825.7926054001,936027.9834887981,12540.0,306076.1261093784,2601579.7983909845
2025-08-19 00:00:00-04:00,1805.0,2990.0,49320.0,59560.0,807131.5319023132,923534.6430015564,12540.0,302985.24937820435,2563491.3617248535
2025-08-20 00:00:00-04:00,1805.0,3000.0,49600.0,59580.0,801826.8845493346,909511.5943906456,12540.0,301937.0232901722,2568501.401449442
2025-08-21 00:00:00-04:00,1805.0,2940.0,49720.0,60120.0,802175.4855131172,903489.180089403,12540.0,301101.8284150958,2553970.035194233
2025-08-22 00:00:00-04:00,1850.0,2940.0,50220.0,59900.0,829229.8962691538,916740.3959145285,12540.0,310393.7819244154,2598150.3838063627
2025-08-25 00:00:00-04:00,1850.0,2960.0,50000.0,60060.0,828934.9944691248,903478.7417468876,12940.0,309803.02080039866,2556006.3573520333
2025-08-26 00:00:00-04:00,1840.0,2925.0,50700.0,60000.0,831656.6510009766,920988.0264892578,12940.0,310791.125,2591585.9252929688
2025-08-27 00:00:00-04:00,1850.0,2950.0,50140.0,59540.0,839101.7325874716,932483.9927808493,12600.0,310711.08138504624,2616702.7566845417
2025-08-28 00:00:00-04:00,1880.0,2940.0,50000.0,59040.0,850433.5370757245,934821.0989530608,12600.0,308163.5651202891,2609274.10846442
2025-08-29 00:00:00-04:00,1890.0,2950.0,50300.0,59000.0,854992.9123257399,932539.6491918154,12600.0,305793.91161999106,2592340.9411665946
2025-09-02 00:00:00-04:00,1885.0,2940.0,50420.0,59500.0,846313.8545882851,920192.9083085805,12600.0,294306.90044249967,2565429.208994031
2025-09-03 00:00:00-04:00,1805.0,2910.0,49900.0,59480.0,921347.3991317153,952874.6009719148,12600.0,295355.5070622638,2572830.249386102
2025-09-04 00:00:00-04:00,1815.0,2955.0,50760.0,60000.0,928095.2230110168,958312.4754295349,12600.0,297829.3219013214,2594579.742782593
2025-09-05 00:00:00-04:00,1800.0,2990.0,52020.0,60180.0,934427.4709434509,953407.3335266113,12600.0,290751.43109321594,2575379.5162506104
2025-09-08 00:00:00-04:00,1810.0,2985.0,52100.0,60400.0,927057.8502206057,941753.6423734501,12600.0,290322.39171800204,2569758.4721247107
2025-09-09 00:00:00-04:00,1820.0,2935.0,52400.0,60200.0,942442.5869407654,921173.1164245605,12600.0,286117.32385253906,2557331.3859558105
2025-09-10 00:00:00-04:00,1845.0,2960.0,52800.0,59500.0,936692.4181365967,887721.6474838257,12740.0,287434.8451194763,2553903.0102996826
2025-09-11 00:00:00-04:00,1810.0,2980.0,51140.0,59200.0,941543.3625323921,900548.5795011967,12740.0,287790.7684487477,2575589.6684821844
2025-09-12 00:00:00-04:00,1790.0,2925.0,50620.0,59000.0,936528.1292188391,909856.1104754582,13000.0,280633.6953643039,2556405.5846735537
2025-09-15 00:00:00-04:00,1810.0,2945.0,50720.0,60400.0,967671.8728426695,909831.7202317715,12800.0,277622.178553462,2541133.4345440865
2025-09-16 00:00:00-04:00,1815.0,2950.0,50060.0,60000.0,979780.3074766584,928520.3471850939,12700.0,280520.0170605015,2574134.507746741
2025-09-17 00:00:00-04:00,1805.0,2900.0,50520.0,60000.0,963344.2803462148,922149.0287428051,12700.0,275936.88026795536,2544673.668900192
2025-09-18 00:00:00-04:00,1760.0,2825.0,50500.0,58820.0,975439.8274448141,920171.5094714686,12600.0,275826.5969425272,2563153.1073386073
2025-09-19 00:00:00-04:00,1730.0,2805.0,50680.0,59700.0,990152.4898910522,953790.7928466797,12660.0,272380.88888168335,2586632.2970581055
2025-09-22 00:00:00-04:00,1740.0,2865.0,50920.0,60900.0,983253.4026748762,996530.8178727105,12660.0,274329.69311814755,2603356.432699889
2025-09-23 00:00:00-04:00,1815.0,2890.0,50840.0,60000.0,967878.1348233111,977996.7019801773,12660.0,269642.93752366677,2557767.7248951048
2025-09-24 00:00:00-04:00,1865.0,2905.0,50700.0,60700.0,952727.8538246155,972126.7645683289,12500.0,271381.6537628174,2555162.006149292
2025-09-25 00:00:00-04:00,1860.0,2910.0,51200.0,60960.0,953657.5766068697,996102.9460961297,12500.0,265544.88343319483,2559933.740130499
2025-09-26 00:00:00-04:00,1845.0,2915.0,50600.0,60000.0,960263.0818367004,994462.3992042542,12600.0,266840.2493419647,2584087.022705078
2025-09-29 00:00:00-04:00,1800.0,2910.0,51080.0,60300.0,950347.7661758587,990226.779508356,12520.0,267703.1854754314,2590763.510336727
2025-09-30 00:00:00-04:00,1885.0,2940.0,50420.0,60500.0,951416.4241333008,995996.6039123535,12600.0,269747.82693481445,2613731.411254883
2025-10-01 00:00:00-04:00,1785.0,2925.0,50500.0,60400.0,959867.2729797363,1000670.0965003967,12520.0,287460.9883804321,2627500.351135254
2025-10-02 00:00:00-04:00,1760.0,2910.0,49900.0,59540.0,951679.6559940837,995448.2217237875,12420.0,285509.1642793175,2599262.10072878
2025-10-03 00:00:00-04:00,1775.0,2880.0,50560.0,59780.0,951678.4375303388,1000276.6450206935,12420.0,275782.58588442206,2602550.986620426
2025-10-06 00:00:00-04:00,1790.0,2910.0,50600.0,59980.0,970952.8285556063,994679.8648895025,12420.0,272747.88625239953,2610954.3147099316
2025-10-07 00:00:00-04:00,1760.0,2900.0,50500.0,60100.0,947825.1482060999,988628.6624439284,12400.0,262695.0968312323,2587689.381906867
2025-10-08 00:00:00-04:00,1760.0,2900.0,51400.0,61500.0,946555.4383583069,998015.8384399414,12400.0,264254.183801651,2611710.3903045654
2025-10-09 00:00:00-04:00,1755.0,2905.0,52880.0,61880.0,937674.0045547485,985701.6777038574,12400.0,261171.26760482788,2612944.306945801
2025-10-10 00:00:00-04:00,1730.0,2875.0,51520.0,61800.0,918508.0035297722,951766.236504972,12400.0,250297.6027976945,2542224.951356292
2025-10-14 00:00:00-04:00,1725.0,2910.0,53520.0,62000.0,952169.8703890145,960644.6277178526,12400.0,259362.80054555833,2575970.5865421295
2025-10-15 00:00:00-04:00,1740.0,2940.0,53580.0,61320.0,983579.9496002197,976424.4233703613,12400.0,265138.9718284607,2612744.955505371
2025-10-16 00:00:00-04:00,1725.0,2950.0,53940.0,61400.0,976776.9813372754,960675.2284205072,12400.0,256634.81876556762,2573569.9744745046
2025-10-17 00:00:00-04:00,1740.0,2985.0,54780.0,62900.0,976601.2074317932,972175.5658950806,12300.0,256744.58782958984,2568688.4158172607
2025-10-20 00:00:00-04:00,1710.0,2980.0,53700.0,61140.0,987648.2006244361,1009001.5353592336,12080.0,257310.8422968313,2591341.7788931727
2025-10-21 00:00:00-04:00,1685.0,2980.0,52940.0,60340.0,970904.1202774048,1018066.8852386475,12080.0,261934.46148872375,2608731.2247314453
2025-10-22 00:00:00-04:00,1720.0,3020.0,54000.0,61000.0,975735.0371704102,1001394.2894897461,12300.0,264710.3315734863,2596249.8028564453
2025-10-23 00:00:00-04:00,1775.0,3060.0,54180.0,60700.0,988061.3380240276,1012884.3408573046,12300.0,268897.5702957064,2629450.6050738096
2025-10-24 00:00:00-04:00,1770.0,3085.0,54440.0,60800.0,1006745.0852816105,1017421.3955798969,12300.0,264589.92491645925,2630117.8423428386
2025-10-27 00:00:00-04:00,1780.0,3035.0,54800.0,61020.0,1032180.1108175218,1029853.8168537095,12300.0,259884.86629489996,2633838.0148130357
2025-10-28 00:00:00-04:00,1805.0,3090.0,55000.0,62480.0,1026661.0129552782,1031969.4636991918,12300.0,255833.69644112885,2644049.0427907705
2025-10-29 00:00:00-04:00,1810.0,3105.0,55780.0,63280.0,1065934.585255444,1046456.0686514452,12640.0,250770.04851846397,2675640.1844628304
2025-10-30 00:00:00-04:00,1800.0,3090.0,55980.0,62700.0,1089466.1336669922,1049877.3723449707,13640.0,248292.4520969391,2638685.068145752
2025-10-31 00:00:00-04:00,1780.0,3150.0,56300.0,62500.0,1083485.551591687,1041224.5267251879,13640.0,246003.44363902882,2634596.444277972
2025-11-04 00:00:00-05:00,1800.0,3145.0,56360.0,65380.0,1068465.1080322266,1039023.7925720215,13640.0,232997.72409439087,2607579.2697143555
2025-11-05 00:00:00-05:00,1830.0,3150.0,56500.0,64000.0,1096015.7647810131,1040821.4483532608,13640.0,236667.63769076858,2619201.3422264904
2025-11-06 00:00:00-05:00,1830.0,3180.0,57300.0,65000.0,1089894.8867721558,1031993.904006958,13120.0,234149.92075061798,2572325.2252960205
2025-11-07 00:00:00-05:00,1865.0,3150.0,60000.0,66300.0,1053703.053553909,1013998.0039025992,13120.0,228192.56544213742,2542799.761188537
2025-11-10 00:00:00-05:00,1860.0,3155.0,59480.0,65020.0,1082663.5206006467,1005947.1315321699,13100.0,224285.90403621085,2550214.4873095304
2025-11-11 00:00:00-05:00,1890.0,3150.0,59580.0,65700.0,1091503.574580133,1031764.2616945505,13560.0,233881.43489788938,2565367.7890909016
2025-11-12 00:00:00-05:00,1880.0,3175.0,59780.0,65700.0,1075645.0688820854,1026406.2343422174,13560.0,238074.9998200899,2570453.603279069
2025-11-13 00:00:00-05:00,1870.0,3165.0,58020.0,63020.0,1030701.647644043,1010334.4367980957,13220.0,241486.33255004883,2493712.1658325195
2025-11-14 00:00:00-05:00,1950.0,3155.0,58900.0,63000.0,1034253.491290845,1019717.0689132065,13220.0,237332.8741413774,2521337.081522122
2025-11-18 00:00:00-05:00,1980.0,3180.0,58600.0,62000.0,1065881.2155303955,1003164.8641662598,13220.0,231593.12946510315,2482134.0026550293
2025-11-19 00:00:00-05:00,1945.0,3145.0,58200.0,62800.0,1087716.9626361206,998055.5688444301,13220.0,230003.47397862375,2468460.1297412217
2025-11-20 00:00:00-05:00,1900.0,3095.0,57540.0,62300.0,1073053.006515503,987462.5783996582,13220.0,225102.72341823578,2425792.6921691895
2025-11-21 00:00:00-05:00,1860.0,3095.0,57840.0,63860.0,1125842.437724948,1020436.5813301206,13220.0,233217.46513020247,2482818.3679078817
2025-11-24 00:00:00-05:00,1815.0,3045.0,56860.0,62600.0,1182741.583676979,1024797.4005620554,13220.0,227261.09436997306,2489624.980186656
2025-11-25 00:00:00-05:00,1845.0,3095.0,57680.0,63000.0,1224578.2622909546,1049080.9202957153,13500.0,238313.42163562775,2562833.1665039062
2025-11-26 00:00:00-05:00,1845.0,3130.0,58100.0,63000.0,1215087.2157180458,1054508.1193563938,13500.0,241485.75406604446,2588443.21504274
2025-11-28 00:00:00-05:00,1880.0,3235.0,58980.0,64000.0,1197089.2541863024,1043004.9692510068,13800.0,238846.60866672546,2562522.3963552117
2025-12-01 00:00:00-05:00,1895.0,3210.0,59120.0,64800.0,1160951.7010056227,1044187.607213147,13900.0,239818.69767230004,2515068.8070340455
2025-12-02 00:00:00-05:00,1890.0,3200.0,61260.0,68000.0,1201098.990953952,1088907.0490676314,13900.0,245648.91236859187,2598904.02185902
2025-12-03 00:00:00-05:00,1800.0,3145.0,56360.0,68800.0,1218133.0710601807,1083373.7228012085,13640.0,248884.8239326477,2613501.6526031494
2025-12-04 00:00:00-05:00,1905.0,3200.0,61400.0,69000.0,1195216.0268797278,1056730.8832229525,14080.0,245897.6262112595,2582776.281169027
2025-12-05 00:00:00-05:00,1905.0,3200.0,60100.0,70000.0,1217642.4310123622,1057047.8839536682,14080.0,248306.367660027,2606109.5776203275
2025-12-09 00:00:00-05:00,1935.0,3070.0,61700.0,69600.0,1217003.1560002565,1063614.31450627,14080.0,241637.79796140175,2627484.951361954
2025-12-10 00:00:00-05:00,1895.0,3030.0,61980.0,69500.0,1234062.714998126,1074146.1586906612,14080.0,252054.64904280752,2655220.70504421
2025-12-11 00:00:00-05:00,1865.0,3000.0,61000.0,69980.0,1198896.5629529357,1066645.4506152123,14080.0,258408.42702153325,2650182.287106335
2025-12-12 00:00:00-05:00,1865.0,2990.0,61000.0,67800.0,1174938.913848877,1056892.5241851807,14100.0,254796.00735092163,2595483.173980713
2025-12-15 00:00:00-05:00,1845.0,2980.0,60120.0,67220.0,1158063.5846688151,1029664.8161972836,14100.0,253166.17014896683,2563264.698613122
2025-12-16 00:00:00-05:00,1800.0,2960.0,60500.0,66800.0,1169682.3343372717,1047500.0140109658,14020.0,254579.09666068852,2595676.857809499
2025-12-17 00:00:00-05:00,1815.0,2950.0,59360.0,66560.0,1138374.922725305,1042680.6391957104,14020.0,250536.0888347812,2581536.5280626714
2025-12-18 00:00:00-05:00,1785.0,2940.0,59300.0,67280.0,1167807.7074813843,1050690.9692382812,14040.0,251905.8761024475,2617690.625
2025-12-19 00:00:00-05:00,1765.0,2880.0,59520.0,67000.0,1185405.2034775317,1055914.6335629225,14400.0,225240.62656041607,2639610.975986719
2025-12-22 00:00:00-05:00,1770.0,2945.0,59240.0,66820.0,1181757.5961853564,1033464.7394573092,14400.0,216997.8303723149,2625800.830020994
2025-12-23 00:00:00-05:00,1800.0,2940.0,60500.0,69000.0,1194069.8114521801,1034329.6702269018,14400.0,216524.19512844086,2626521.9353454113
2025-12-24 00:00:00-05:00,1800.0,2985.0,60000.0,69900.0,1178368.0115244985,1027012.0706859827,14400.0,223774.49384028465,2603214.9878661633
2025-12-26 00:00:00-05:00,1800.0,3020.0,60160.0,69800.0,1172344.8362034038,1022120.049707979,14400.0,226499.71848511323,2594251.1104379892
2025-12-29 00:00:00-05:00,1845.0,3045.0,61400.0,69300.0,1157867.4788360596,1010665.9861907959,14800.0,224694.83660888672,2553085.078262329
2025-12-30 00:00:00-05:00,1870.0,2970.0,59820.0,69200.0,1169648.8642757088,1017472.435759306,14500.0,226697.26310754754,2572987.5168901384
2026-01-02 00:00:00-05:00,1920.0,2990.0,59520.0,67500.0,1186716.0105835497,1020267.9161917567,14500.0,236880.03014223278,2585708.0022954345
2026-01-05 00:00:00-05:00,2020.0,3020.0,61980.0,69160.0,1180283.601365827,996302.3328864053,14720.0,239194.87615429796,2577563.567531869
2026-01-06 00:00:00-05:00,2020.0,3065.0,63200.0,72980.0,1177433.770434767,982502.9671408236,14720.0,243340.806604594,2604704.9656401873
2026-01-07 00:00:00-05:00,1965.0,3055.0,64000.0,72700.0,1194120.5949204862,965256.8408548236,14800.0,233080.6773587577,2570550.837877393
2026-01-08 00:00:00-05:00,1995.0,3065.0,65060.0,74780.0,1219785.3816833496,970686.0417480469,14800.0,243159.98472976685,2597581.8667144775
2026-01-09 00:00:00-05:00,2010.0,3140.0,65800.0,74900.0,1219289.6698958874,962272.6874490604,14800.0,243180.45185669884,2588613.6210707277
2026-01-13 00:00:00-05:00,2065.0,3060.0,66520.0,77940.0,1246793.9616899863,968539.338254489,14500.0,244590.86540230736,2587924.2138079107
2026-01-14 00:00:00-05:00,2125.0,3090.0,67620.0,77760.0,1236652.906261146,957020.738750115,14500.0,240023.1262669228,2555413.599911034
2026-01-15 00:00:00-05:00,2165.0,3140.0,68300.0,78300.0,1221038.7174139023,947206.5263687074,14500.0,235597.13363449275,2553069.076853931
2026-01-16 00:00:00-05:00,2265.0,3200.0,69980.0,79100.0,1214901.0795414075,940520.6045034714,14800.0,235619.0675478615,2559203.828283176
2026-01-20 00:00:00-05:00,2315.0,3235.0,70800.0,81800.0,1182678.4938659668,905898.1900558472,14700.0,232329.97806167603,2501545.2102661133
2026-01-21 00:00:00-05:00,2345.0,3240.0,73200.0,82500.0,1205849.1779742911,909188.7041146979,14700.0,238777.2490878012,2529369.4973049313
2026-01-22 00:00:00-05:00,2200.0,3240.0,71000.0,87860.0,1213275.5560343266,911379.000294596,14800.0,238860.2664103657,2541686.739849925
2026-01-23 00:00:00-05:00,2275.0,3250.0,75300.0,85500.0,1183233.724289015,894768.2109145448,14900.0,233293.39839443564,2499491.6864186525
2026-01-26 00:00:00-05:00,2350.0,3295.0,77800.0,85640.0,1176745.702166468,901647.4312060624,15320.0,228127.92283299193,2458927.0269702077
2026-01-27 00:00:00-05:00,2355.0,3335.0,75020.0,84040.0,1230675.676156491,949852.0437193364,16600.0,230714.8976013083,2571863.442436278
2026-01-28 00:00:00-05:00,2340.0,3395.0,76800.0,84060.0,1226567.703490287,935889.3898994029,16780.0,225861.07184015214,2552323.1692988276
2026-01-29 00:00:00-05:00,2320.0,3340.0,76300.0,84500.0,1240034.4393613413,946642.8095265403,16800.0,228140.69743607473,2557351.518304959
2026-01-30 00:00:00-05:00,2300.0,3275.0,75500.0,83500.0,1233602.274850212,946807.6765938699,16900.0,224258.90213871282,2538444.2957625985
2026-02-02 00:00:00-05:00,2235.0,3050.0,74660.0,81700.0,1245881.7248933315,978563.9328106418,16900.0,224074.8539774632,2534001.0104245394
2026-02-03 00:00:00-05:00,2260.0,2985.0,75020.0,83000.0,1228823.96847336,974557.2372799963,16400.0,219101.35240091756,2506978.8112560064
2026-02-04 00:00:00-05:00,2225.0,2880.0,71480.0,81000.0,1212980.341320455,1006783.722710073,16400.0,232519.9239946492,2512262.0488906503
2026-02-05 00:00:00-05:00,2170.0,2830.0,70300.0,78500.0,1201002.3731171787,1000126.342044495,15700.0,225989.38263267186,2469076.325326562
2026-02-06 00:00:00-05:00,2240.0,2870.0,72400.0,81500.0,1193306.046193689,1027706.8076857924,15700.0,234858.80852694623,2566049.4376069307
2026-02-09 00:00:00-05:00,2250.0,2910.0,73300.0,82100.0,1185280.7537705153,1004350.42370978,15700.0,226743.14515552483,2549423.4807534367
2026-02-10 00:00:00-05:00,2215.0,2985.0,73800.0,85800.0,1167812.0902091637,1003929.3726055175,15700.0,229722.3202905208,2549991.0353457034
2026-02-11 00:00:00-05:00,2230.0,2995.0,72580.0,85500.0,1138468.8920400515,1009354.8519287109,15600.0,226926.7010151269,2546468.520914063
2026-02-12 00:00:00-05:00,2185.0,2975.0,70400.0,83000.0,1133087.1086914465,960426.1348825321,15600.0,222729.90697759204,2511169.5476604253
2026-02-13 00:00:00-05:00,2190.0,3015.0,70600.0,86000.0,1120592.1340332031,938201.0355224609,15700.0,230033.9891052246,2511699.7158203125
2026-02-17 00:00:00-05:00,2175.0,3000.0,71300.0,84500.0,1103429.4608788714,964763.7874905765,15660.0,235423.83329450712,2507479.193869069
2026-02-18 00:00:00-05:00,2215.0,3020.0,71580.0,82920.0,1110543.4713363647,968512.3348617554,15660.0,238575.27597427368,2525605.9730529785
2026-02-19 00:00:00-05:00,2315.0,3040.0,73280.0,83100.0,1113183.4967276454,958486.1606432125,15660.0,239740.6678061001,2529479.5836063474
2026-02-20 00:00:00-05:00,2310.0,3040.0,74300.0,86500.0,1164225.3191543818,978625.8188687861,15660.0,240305.8500089273,2561412.1020507812
2026-02-23 00:00:00-05:00,2330.0,2960.0,75000.0,97500.0,1135313.2448160052,970851.1023973525,15660.0,228593.89683119394,2500220.6439760923
2026-02-24 00:00:00-05:00,2300.0,2980.0,70760.0,89700.0,1147016.7187253386,1004724.5897354484,15660.0,235056.21835498326,2549321.4849945307
2026-02-25 00:00:00-05:00,2330.0,2905.0,68700.0,88700.0,1160076.7483207136,1017423.5355187878,15660.0,233669.9933288265,2583164.1622924805
2026-02-26 00:00:00-05:00,2250.0,2860.0,65200.0,83600.0,1135796.4486668557,1009284.5146446526,15900.0,234908.05922510102,2560317.393025905
2026-02-27 00:00:00-05:00,2240.0,2790.0,63620.0,82020.0,1172729.5931064487,994450.1149490476,17000.0,232520.19743604586,2595026.2855092287
2026-03-02 00:00:00-05:00,2280.0,2715.0,62600.0,79160.0,1138401.5857327804,983850.4330329224,16620.0,226747.933632466,2562389.278998658
2026-03-03 00:00:00-05:00,2215.0,2720.0,62800.0,81000.0,1143934.1285457239,994548.512878418,16400.0,223947.81259838864,2576851.610955566
2026-03-04 00:00:00-05:00,2215.0,2720.0,62800.0,82800.0,1151465.4366440848,997906.7360017821,16400.0,222905.88465255126,2616331.3508865237
2026-03-05 00:00:00-05:00,2370.0,2760.0,61500.0,82700.0,1130245.376933366,978458.801982142,16900.0,218103.57015340123,2572960.5867236108
2026-03-06 00:00:00-05:00,2425.0,2775.0,62280.0,80000.0,1130141.453724414,975382.0233992189,16900.0,215981.23732768558,2558739.471300781
2026-03-09 00:00:00-04:00,2390.0,2915.0,63160.0,81800.0,1137178.1232729256,964649.0088764727,16900.0,209833.793557249,2529104.07225582
2026-03-11 00:00:00-04:00,2500.0,2905.0,64480.0,85500.0,1144989.9753792733,967362.5554734617,16900.0,206595.20563741308,2519905.168074757
2026-03-12 00:00:00-04:00,2570.0,2805.0,60800.0,79140.0,1124176.1105416268,947189.218972858,16900.0,200466.66615539696,2477409.497978881
2026-03-13 00:00:00-04:00,2555.0,2880.0,61140.0,80980.0,1116187.0500041991,923583.1038253903,16520.0,199324.39027257077,2456290.9960517585
